name,Pekerjaan,Jenis Pinjaman,Plafon (Rp.),Kondisi Joint Income,Kondisi Pisah Harta,Usia,Hasil IDEB SLIK OJK,Tujuan Pemilikan Properti,Lama bekerja,Penghasilan,BIR,Rata2 Saldo 3 Bulan Terakhir,Pencerminan Gaji di R/K atau SPT,Jangka Waktu Kredit,Down Payment ,Asset lainnya yang dimiliki,Bidang Usaha,Ukuran Perusahaan,Kondisi Sertifikat Agunan Utama,Jenis Bangunan Utama,Kondisi Properti Utama,Keputusan,Kelayakan Dokumen Pendukung,target
Case 1,KARYAWAN,"PEMBELIAN BEKAS / SECONDARY, RUMAH TINGGAL","Plafon (< 514,750,000)",TIDAK JOINT INCOME,TIDAK PISAH HARTA,21 - 35,Data Tidak Tersedia,Rumah Tinggal (Rumah ke 1),"≥ 2, < 5",SINGLE : ≥RP 10 JUTA,>= 15%,≥ 3X ANGSURAN,≥ 70% DARI GAJI,> 120 BULAN,>= 15%,DEPOSITO/INVES/EMAS ≥ LIMIT KREDIT,"Keuangan, asuransi, perbankan",Cakupan area : nasional,"SHM, SERTIPIKAT PECAH",Rumah Tinggal,READY STOK,GREEN,LAYAK,Diterima
Case 2,PENGUSAHA,"PEMBELIAN BEKAS / SECONDARY, RUMAH TINGGAL","Plafon (> 1,340,960,436)",TIDAK JOINT INCOME,PISAH HARTA,36 - 45,"Kol 1, Tidak pernah menunggak",Rumah Tinggal (Rumah ke 1),≥ 5,MENIKAH : ≥RP 20 JUTA,>= 15%,"≥ 1X ANGSURAN, < 3X ANGSURAN",≥ 100% DARI OMSET,≤ 60 BULAN,>= 15%,DEPOSITO/INVES/EMAS ≥ LIMIT KREDIT,Lainnya,Cakupan area : nasional,"SHM, SERTIPIKAT PECAH",Rumah Tinggal,READY STOK,GREEN,LAYAK,Diterima
Case 3,KARYAWAN,"TAKE OVER + TOP UP KPR, RUMAH TINGGAL","Plafon (> 1,340,960,436)",JOINT INCOME,TIDAK PISAH HARTA,46 - 55,"Kol 1, Tidak pernah menunggak",Rumah Tinggal (Rumah ke 1),≥ 5,MENIKAH : ≥RP 20 JUTA,>= 15%,≥ 3X ANGSURAN,≥ 100% DARI GAJI,"> 60 BULAN, ≤ 120 BULAN",>= 15%,PROPERTI/KENDARAAN ≥ LIMIT KREDIT,KLINIK AKUPUNTIR,CAKUPAN AREA : LOKAL,"SHM, SERTIPIKAT PECAH",Rumah Tinggal,SEDANG DIHUNI,GREEN,LAYAK,Diterima
Case 4,PENGUSAHA,"PEMBELIAN BEKAS / SECONDARY, RUMAH TINGGAL","Plafon (894,632,536 - 1,340,960,436)",JOINT INCOME,TIDAK PISAH HARTA,36 - 45,"Kol 1, Tidak pernah menunggak",RUMAH TINGGAL (RUMAH KE 2/3),≥ 5,MENIKAH : ≥RP 20 JUTA,>= 15%,≥ 3X ANGSURAN,≥ 100% DARI OMSET,"> 60 BULAN, ≤ 120 BULAN",>= 15%,PROPERTI/KENDARAAN < 100% LIMIT KREDIT,PERDAGANGAN,CAKUPAN AREA : LOKAL,"SHM, SERTIPIKAT PECAH",RUKO/RUKAN,READY STOK,GREEN,LAYAK,Diterima
Case 5,KARYAWAN,"PEMBELIAN BEKAS / SECONDARY, RUMAH TINGGAL","Plafon (< 514,750,000)",JOINT INCOME,TIDAK PISAH HARTA,21 - 35,Data Tidak Tersedia,Rumah Tinggal (Rumah ke 1),"≥ 2, < 5","SINGLE : ≥RP 6 JUTA, < RP. 10 JUTA",>= 15%,≥ 3X ANGSURAN,< 50% DARI GAJI,≤ 60 BULAN,>= 15%,KAS DAN NON KAS ≥ LIMIT KREDIT,COLOUR SALON,CAKUPAN AREA : LOKAL,"SHGB, SERTIPIKAT PECAH",Rumah Tinggal,SEDANG DIHUNI,YELLOW,LAYAK,Diterima
Case 6,PENGUSAHA,"PEMBELIAN BEKAS / SECONDARY, RUMAH TINGGAL","Plafon (< 514,750,000)",JOINT INCOME,TIDAK PISAH HARTA,36 - 45,"KOL 1, PERNAH KOL 2",Rumah Tinggal (Rumah ke 1),≥ 5,MENIKAH : ≥RP 20 JUTA,>= 15%,≥ 3X ANGSURAN,≥ 100% DARI OMSET,"> 60 BULAN, ≤ 120 BULAN",>= 15%,KAS DAN NON KAS ≥ LIMIT KREDIT,JASA SEWA SCAFFOLDING,CAKUPAN AREA : LOKAL,"SHM, SERTIPIKAT PECAH",Rumah Tinggal,SEDANG DIHUNI,GREEN,LAYAK,Diterima
Case 7,KARYAWAN,"PEMBELIAN BEKAS / SECONDARY, RUMAH TINGGAL","Plafon (> 1,340,960,436)",TIDAK JOINT INCOME,TIDAK PISAH HARTA,21 - 35,"Kol 1, Tidak pernah menunggak",RUMAH TINGGAL (RUMAH KE 2/3),≥ 5,MENIKAH : ≥RP 20 JUTA,>= 15%,"≥ 1X ANGSURAN, < 3X ANGSURAN",≥ 100% DARI GAJI,> 120 BULAN,>= 15%,null < 50% plafon,PERTAMBANGAN,Cakupan area : nasional,"SHM, SERTIPIKAT PECAH",Rumah Tinggal,READY STOK,GREEN,LAYAK,Diterima
Case 8,KARYAWAN,"PEMBELIAN BEKAS / SECONDARY, RUMAH TINGGAL","Plafon (< 514,750,000)",JOINT INCOME,TIDAK PISAH HARTA,21 - 35,Data Tidak Tersedia,Rumah Tinggal (Rumah ke 1),"≥ 2, < 5","SINGLE : ≥RP 6 JUTA, < RP. 10 JUTA",>= 15%,≥ 3X ANGSURAN,< 50% DARI GAJI,> 120 BULAN,>= 15%,KAS DAN NON KAS < 100% LIMIT KREDIT,ASS MANAGER PT. SEKAWAN CHANDRA ABADI,CAKUPAN AREA : LOKAL,"SHM, SERTIPIKAT PECAH",Rumah Tinggal,READY STOK,YELLOW,LAYAK,Diterima
Case 9,PENGUSAHA,"PEMBELIAN BEKAS / SECONDARY, RUMAH TINGGAL","Plafon (514,750,000 - 894,632,536)",JOINT INCOME,TIDAK PISAH HARTA,21 - 35,"Kol 1, Tidak pernah menunggak",Rumah Tinggal (Rumah ke 1),"≥ 2, < 5",MENIKAH : ≥RP 20 JUTA,>= 15%,"≥ 1X ANGSURAN, < 3X ANGSURAN",≥ 100% DARI OMSET,> 120 BULAN,>= 15%,null < 50% plafon,SEMBAKO,Cakupan area : nasional,"SHM, SERTIPIKAT PECAH",Rumah Tinggal,READY STOK,GREEN,LAYAK,Diterima
Case 10,KARYAWAN,"PEMBELIAN BEKAS / SECONDARY, RUMAH TINGGAL","Plafon (< 514,750,000)",TIDAK JOINT INCOME,TIDAK PISAH HARTA,36 - 45,"Kol 1, Tidak pernah menunggak",RUMAH TINGGAL (RUMAH KE 2/3),≥ 5,MENIKAH : ≥RP 20 JUTA,>= 15%,≥ 3X ANGSURAN,≥ 100% DARI GAJI,"> 60 BULAN, ≤ 120 BULAN",>= 15%,PROPERTI/KENDARAAN ≥ LIMIT KREDIT,MANUFAKTUR PERALATAN GELAS/KACA PERALATAN MEDIS,CAKUPAN AREA : LOKAL,"SHGB, SERTIPIKAT PECAH",Rumah Tinggal,SEDANG DIHUNI,GREEN,LAYAK,Diterima
Case 11,PENGUSAHA,"Pembelian Baru / Primary, Ruko / Rukan","Plafon (894,632,536 - 1,340,960,436)",JOINT INCOME,TIDAK PISAH HARTA,36 - 45,"Kol 1, Pernah Kol 2 (sampai dengan 30 hari, tidak lebih dari 2 kali) dalam 1 tahun terakhir",RUMAH TINGGAL (RUMAH KE 2/3),≥ 5,MENIKAH : ≥RP 20 JUTA,>= 15%,≥ 3X ANGSURAN,≥ 100% DARI OMSET,> 120 BULAN,>= 15%,Properti/kendaraan >= plafon,KONTRAKTOR/KONSULTAN/ARSITEK,Cakupan area : nasional,MOU - Sertipikat Induk,RUKO/RUKAN,Indent,GREEN,TIDAK,Ditolak
Case 12,KARYAWAN,"Pembelian Baru / Primary, Rumah Tinggal Tipe 22 - 70","Plafon (514,750,000 - 894,632,536)",TIDAK JOINT INCOME,TIDAK PISAH HARTA,21 - 35,"Kol 1, Tidak pernah menunggak",RUMAH TINGGAL (RUMAH KE 2/3),≥ 5,SINGLE : ≥RP 10 JUTA,< 15%,< 1x angsuran,≥ 100% DARI GAJI,> 120 BULAN,< 15%,null < 50% plafon,"Farmasi, kosmetik dan alat kedokteran",Multinasional,MOU - Sertipikat Induk,Rumah Tinggal,Indent,RED,TIDAK,Ditolak
Case 13,PENGUSAHA,"Pembelian Baru / Primary, Rumah Tinggal Tipe 22 - 70","Plafon (> 1,340,960,436)",TIDAK JOINT INCOME,TIDAK PISAH HARTA,21 - 35,"Kol 1, Pernah Kol 2 (tidak lebih dari 30 hari) dalam 1 tahun terakhir",Rumah Tinggal (Rumah ke 1),"≥ 2, < 5",MENIKAH : ≥RP 20 JUTA,>= 15%,≥ 3X ANGSURAN,≥ 70% DARI OMSET,> 120 BULAN,< 15%,null < 50% plafon,Lainnya,CAKUPAN AREA : LOKAL,MOU - Sertipikat Induk,Rumah Tinggal,Indent,GREEN,TIDAK,Ditolak
Case 14,KARYAWAN,"Pembelian Baru / Primary, Apartemen Tipe 22 - 70","Plafon (< 514,750,000)",TIDAK JOINT INCOME,TIDAK PISAH HARTA,46 - 55,"Kol 3, 4 atau 5",Rumah Tinggal (Rumah ke 1),"≥ 2, < 5",MENIKAH : ≥RP 10 JUTA,< 15%,≥ 3X ANGSURAN,≥ 100% DARI GAJI,> 120 BULAN,>= 15%,Properti/kendaraan >= plafon,Lainnya,CAKUPAN AREA : LOKAL,MOU - Sertipikat Induk,Apartemen,Sedang dibangun,RED,TIDAK,Ditolak
Case 15,KARYAWAN,"Pembelian Baru / Primary, Apartemen Tipe 22 - 70","Plafon (514,750,000 - 894,632,536)",TIDAK JOINT INCOME,TIDAK PISAH HARTA,21 - 35,"Kol 1, Tidak pernah menunggak",Rumah Tinggal (Rumah ke 1),"≥ 2, < 5",SINGLE : ≥RP 10 JUTA,>= 15%,< 1x angsuran,≥ 100% DARI GAJI,> 120 BULAN,< 15%,Properti/kendaraan < 50% plafon,Lainnya,CAKUPAN AREA : LOKAL,MOU - Sertipikat Induk,Apartemen,Sedang dibangun,YELLOW,LAYAK,Ditolak
Case 16,KARYAWAN,"Pembelian Baru / Primary, Rumah Tinggal Tipe 22 - 70","Plafon (> 1,340,960,436)",TIDAK JOINT INCOME,TIDAK PISAH HARTA,21 - 35,"Kol 1, Tidak pernah menunggak",Rumah Tinggal (Rumah ke 1),≥ 5,SINGLE : ≥RP 20 JUTA,>= 15%,"≥ 1X ANGSURAN, < 3X ANGSURAN",≥ 100% DARI GAJI,> 120 BULAN,>= 15%,Properti/kendaraan < 50% plafon,Lainnya,Multinasional,MOU - Sertipikat Induk,Rumah Tinggal,Sedang dibangun,GREEN,LAYAK,Ditolak
Case 17,KARYAWAN,"Pembelian Baru / Primary, Apartemen Tipe 22 - 70","Plafon (< 514,750,000)",TIDAK JOINT INCOME,TIDAK PISAH HARTA,36 - 45,"Kol 1, Tidak pernah menunggak",Rumah Tinggal (Rumah ke 1),≥ 5,MENIKAH : ≥RP 20 JUTA,>= 15%,< 1x angsuran,≥ 100% DARI GAJI,"> 60 BULAN, ≤ 120 BULAN",>= 15%,null < 50% plafon,Transportasi dan otomotif,Cakupan area : nasional,MOU - Sertipikat Induk,Apartemen,Sedang dibangun,GREEN,TIDAK,Ditolak
Case 18,PENGUSAHA,"Pembelian Baru / Primary, Apartemen Tipe 22 - 70","Plafon (514,750,000 - 894,632,536)",TIDAK JOINT INCOME,TIDAK PISAH HARTA,21 - 35,"Kol 1, Pernah Kol 2 (sampai dengan 30 hari, tidak lebih dari 2 kali) dalam 1 tahun terakhir",Rumah Tinggal (Rumah ke 1),≥ 5,MENIKAH : ≥RP 20 JUTA,>= 15%,≥ 3X ANGSURAN,≥ 100% DARI OMSET,> 120 BULAN,>= 15%,Properti/kendaraan < 50% plafon,KONTRAKTOR/KONSULTAN/ARSITEK,CAKUPAN AREA : LOKAL,MOU - Sertipikat Induk,Apartemen,Sedang dibangun,GREEN,TIDAK,Ditolak
Case 19,PENGUSAHA,"Pembelian Baru / Primary, Apartemen Tipe 22 - 70","Plafon (< 514,750,000)",TIDAK JOINT INCOME,TIDAK PISAH HARTA,46 - 55,Data Tidak Tersedia,Rumah Tinggal (Rumah ke 1),"≥ 2, < 5",MENIKAH : ≥RP 20 JUTA,>= 15%,≥ 3X ANGSURAN,≥ 100% DARI OMSET,> 120 BULAN,< 15%,null < 50% plafon,Perdagangan / distribusi / eksport-import kebutuhan pokok,CAKUPAN AREA : LOKAL,MOU - Sertipikat Induk,Apartemen,Indent,GREEN,TIDAK,Ditolak
Case 20,KARYAWAN,"Pembelian Baru / Primary, Apartemen Tipe 22 - 70","Plafon (< 514,750,000)",TIDAK JOINT INCOME,TIDAK PISAH HARTA,21 - 35,"Kol 1, Pernah Kol 2 (sampai dengan 30 hari, lebih dari 2 kali) dalam 1 tahun terakhir",Rumah Tinggal (Rumah ke 1),"≥ 2, < 5",SINGLE : ≥RP 20 JUTA,>= 15%,≥ 3X ANGSURAN,≥ 100% DARI GAJI,"> 60 BULAN, ≤ 120 BULAN",>= 15%,Properti/kendaraan >= plafon,Lainnya,CAKUPAN AREA : LOKAL,MOU - Sertipikat Induk,Apartemen,Sedang dibangun,YELLOW,TIDAK,Ditolak
Case 21,KARYAWAN,"Pembelian Baru / Primary, Apartemen Tipe 22 - 70","Plafon (894,632,536 - 1,340,960,436)",TIDAK JOINT INCOME,TIDAK PISAH HARTA,21 - 35,Data Tidak Tersedia,Rumah Tinggal (Rumah ke 1),"≥ 2, < 5",SINGLE : ≥RP 20 JUTA,>= 15%,≥ 3X ANGSURAN,≥ 100% DARI GAJI,> 120 BULAN,< 15%,null < 50% plafon,Lainnya,Cakupan area : nasional,MOU - Sertipikat Induk,Apartemen,Sedang dibangun,GREEN,TIDAK,Ditolak
Case 22,PENGUSAHA,"Pembelian Baru / Primary, Rumah Tinggal > Tipe 70","Plafon (894,632,536 - 1,340,960,436)",TIDAK JOINT INCOME,TIDAK PISAH HARTA,21 - 35,"Kol 1, Tidak pernah menunggak",Rumah Tinggal (Rumah ke 1),"≥ 2, < 5",MENIKAH : ≥RP 20 JUTA,>= 15%,"≥ 1X ANGSURAN, < 3X ANGSURAN",≥ 70% DARI OMSET,> 120 BULAN,>= 15%,null < 50% plafon,Lainnya,CAKUPAN AREA : LOKAL,MOU - Sertipikat Induk,Rumah Tinggal,Indent,GREEN,TIDAK,Ditolak
Case 23,PENGUSAHA,"Pembelian Baru / Primary, Rumah Tinggal > Tipe 70","Plafon (514,750,000 - 894,632,536)",TIDAK JOINT INCOME,TIDAK PISAH HARTA,36 - 45,"Kol 1, Pernah Kol 3, 4 atau 5",Rumah Tinggal (Rumah ke 1),"≥ 2, < 5",MENIKAH : ≥RP 20 JUTA,>= 15%,"≥ 1X ANGSURAN, < 3X ANGSURAN",≥ 70% DARI OMSET,"> 60 BULAN, ≤ 120 BULAN",>= 15%,Properti/kendaraan >= plafon,Lainnya,CAKUPAN AREA : LOKAL,MOU - Sertipikat Induk,Rumah Tinggal,Indent,RED,TIDAK,Ditolak
Case 24,KARYAWAN,"Pembelian Baru / Primary, Rumah Tinggal > Tipe 70","Plafon (894,632,536 - 1,340,960,436)",TIDAK JOINT INCOME,TIDAK PISAH HARTA,21 - 35,"Kol 1, Tidak pernah menunggak",Rumah Tinggal (Rumah ke 1),"≥ 2, < 5",SINGLE : ≥RP 20 JUTA,>= 15%,≥ 3X ANGSURAN,≥ 100% DARI GAJI,> 120 BULAN,< 15%,null < 50% plafon,Lainnya,CAKUPAN AREA : LOKAL,MOU - Sertipikat Induk,Rumah Tinggal,Indent,GREEN,TIDAK,Ditolak
Case 25,KARYAWAN,"Pembelian Baru / Primary, Apartemen Tipe 22 - 70","Plafon (514,750,000 - 894,632,536)",TIDAK JOINT INCOME,TIDAK PISAH HARTA,46 - 55,"Kol 1, Pernah Kol 2 (sampai dengan 30 hari, lebih dari 2 kali) dalam 1 tahun terakhir",Rumah Tinggal (Rumah ke 1),≥ 5,MENIKAH : ≥RP 20 JUTA,>= 15%,≥ 3X ANGSURAN,≥ 100% DARI GAJI,"> 60 BULAN, ≤ 120 BULAN",>= 15%,null < 50% plafon,"Keuangan, asuransi, perbankan",Cakupan area : nasional,MOU - Sertipikat Induk,Apartemen,Sedang dibangun,YELLOW,TIDAK,Ditolak
Case 26,KARYAWAN,"Pembelian Baru / Primary, Apartemen Tipe 22 - 70","Plafon (514,750,000 - 894,632,536)",TIDAK JOINT INCOME,TIDAK PISAH HARTA,21 - 35,"Kol 1, Tidak pernah menunggak",Rumah Tinggal (Rumah ke 1),≥ 5,SINGLE : ≥RP 20 JUTA,>= 15%,≥ 3X ANGSURAN,≥ 100% DARI GAJI,"> 60 BULAN, ≤ 120 BULAN",>= 15%,50% plafon <= Properti/kendaraan<= 100% plafon,Trading tekstil dan garmen,Cakupan area : nasional,MOU - Sertipikat Induk,Apartemen,Sedang dibangun,GREEN,TIDAK,Ditolak
Case 27,KARYAWAN,"Pembelian Baru / Primary, Rumah Tinggal Tipe 22 - 70","Plafon (894,632,536 - 1,340,960,436)",TIDAK JOINT INCOME,TIDAK PISAH HARTA,21 - 35,"Kol 1, Pernah Kol 2 (sampai dengan 30 hari, lebih dari 2 kali) dalam 1 tahun terakhir",Rumah Tinggal (Rumah ke 1),"≥ 2, < 5",SINGLE : ≥RP 20 JUTA,>= 15%,≥ 3X ANGSURAN,≥ 100% DARI GAJI,> 120 BULAN,>= 15%,null < 50% plafon,Lainnya,Multinasional,MOU - Sertipikat Induk,Rumah Tinggal,Indent,YELLOW,TIDAK,Ditolak
Case 28,KARYAWAN,"Pembelian Baru / Primary, Rumah Tinggal > Tipe 70","Plafon (> 1,340,960,436)",TIDAK JOINT INCOME,TIDAK PISAH HARTA,21 - 35,"Kol 1, Tidak pernah menunggak",Rumah Tinggal (Rumah ke 1),≥ 5,SINGLE : ≥RP 20 JUTA,>= 15%,≥ 3X ANGSURAN,≥ 100% DARI GAJI,> 120 BULAN,< 15%,Properti/kendaraan < 50% plafon,Lainnya,Cakupan area : nasional,MOU - Sertipikat Induk,Rumah Tinggal,Indent,GREEN,TIDAK,Ditolak
Case 29,PENGUSAHA,"Pembelian Baru / Primary, Apartemen Tipe 22 - 70","Plafon (514,750,000 - 894,632,536)",TIDAK JOINT INCOME,TIDAK PISAH HARTA,36 - 45,"Kol 1, Tidak pernah menunggak",Rumah Tinggal (Rumah ke 1),≥ 5,SINGLE : ≥RP 10 JUTA,>= 15%,≥ 3X ANGSURAN,≥ 70% DARI OMSET,> 120 BULAN,>= 15%,Properti/kendaraan >= plafon,Lainnya,Cakupan area : nasional,MOU - Sertipikat Induk,Apartemen,Indent,GREEN,TIDAK,Ditolak
Case 30,KARYAWAN,"Pembelian Baru / Primary, Apartemen Tipe 22 - 70","Plafon (< 514,750,000)",TIDAK JOINT INCOME,TIDAK PISAH HARTA,36 - 45,"Kol 1, Tidak pernah menunggak",Investasi,≥ 5,MENIKAH : ≥RP 20 JUTA,>= 15%,≥ 3X ANGSURAN,≥ 100% DARI GAJI,> 120 BULAN,>= 15%,Properti/kendaraan >= plafon,Lainnya,CAKUPAN AREA : LOKAL,MOU - Sertipikat Induk,Apartemen,Sedang dibangun,GREEN,TIDAK,Ditolak
Case 31,KARYAWAN,"Pembelian Baru / Primary, Apartemen Tipe 22 - 70","Plafon (< 514,750,000)",TIDAK JOINT INCOME,TIDAK PISAH HARTA,46 - 55,"Kol 1, Tidak pernah menunggak",Rumah Tinggal (Rumah ke 1),"≥ 2, < 5",MENIKAH : ≥RP 10 JUTA,>= 15%,≥ 3X ANGSURAN,≥ 100% DARI GAJI,"> 60 BULAN, ≤ 120 BULAN",>= 15%,Properti/kendaraan >= plafon,Pelayanan kesehatan,Cakupan area : nasional,MOU - Sertipikat Induk,Apartemen,Sedang dibangun,YELLOW,TIDAK,Ditolak
Case 32,KARYAWAN,"Pembelian Baru / Primary, Rumah Tinggal Tipe 22 - 70","Plafon (894,632,536 - 1,340,960,436)",TIDAK JOINT INCOME,TIDAK PISAH HARTA,21 - 35,"Kol 1, Tidak pernah menunggak",Rumah Tinggal (Rumah ke 1),"≥ 2, < 5",SINGLE : ≥RP 20 JUTA,>= 15%,≥ 3X ANGSURAN,≥ 100% DARI GAJI,> 120 BULAN,< 15%,null < 50% plafon,Lainnya,Multinasional,MOU - Sertipikat Induk,Rumah Tinggal,Indent,YELLOW,TIDAK,Ditolak
Case 33,PENGUSAHA,"Pembelian Baru / Primary, Rumah Tinggal > Tipe 70","Plafon (> 1,340,960,436)",JOINT INCOME,TIDAK PISAH HARTA,46 - 55,"Kol 1, Pernah Kol 3, 4 atau 5",Rumah Tinggal (Rumah ke 1),≥ 5,MENIKAH : ≥RP 20 JUTA,>= 15%,≥ 3X ANGSURAN,≥ 100% DARI OMSET,> 120 BULAN,>= 15%,null < 50% plafon,Lainnya,CAKUPAN AREA : LOKAL,MOU - Sertipikat Induk,Rumah Tinggal,Sedang dibangun,GREEN,TIDAK,Ditolak
Case 34,PENGUSAHA,"Pembelian Baru / Primary, Rumah Tinggal > Tipe 70","Plafon (> 1,340,960,436)",TIDAK JOINT INCOME,TIDAK PISAH HARTA,21 - 35,"Kol 1, Tidak pernah menunggak",Rumah Tinggal (Rumah ke 1),≥ 5,SINGLE : ≥RP 20 JUTA,>= 15%,"≥ 1X ANGSURAN, < 3X ANGSURAN",≥ 100% DARI OMSET,> 120 BULAN,< 15%,null < 50% plafon,Lainnya,CAKUPAN AREA : LOKAL,MOU - Sertipikat Induk,Rumah Tinggal,Indent,GREEN,TIDAK,Ditolak
Case 35,KARYAWAN,"Pembelian Baru / Primary, Rumah Tinggal > Tipe 70","Plafon (514,750,000 - 894,632,536)",TIDAK JOINT INCOME,TIDAK PISAH HARTA,36 - 45,"Kol 1, Tidak pernah menunggak",Rumah Tinggal (Rumah ke 1),"≥ 2, < 5",MENIKAH : ≥RP 20 JUTA,>= 15%,≥ 3X ANGSURAN,≥ 100% DARI GAJI,> 120 BULAN,>= 15%,null < 50% plafon,"Keuangan, asuransi, perbankan",Public listed,MOU - Sertipikat Induk,Rumah Tinggal,Indent,GREEN,TIDAK,Ditolak
Case 36,KARYAWAN,"Pembelian Baru / Primary, Rumah Tinggal Tipe 22 - 70","Plafon (894,632,536 - 1,340,960,436)",TIDAK JOINT INCOME,TIDAK PISAH HARTA,36 - 45,"Kol 1, Pernah Kol 2 (sampai dengan 30 hari, tidak lebih dari 2 kali) dalam 1 tahun terakhir",Rumah Tinggal (Rumah ke 1),"≥ 2, < 5",SINGLE : ≥RP 20 JUTA,>= 15%,"≥ 1X ANGSURAN, < 3X ANGSURAN",≥ 100% DARI GAJI,> 120 BULAN,>= 15%,null < 50% plafon,Lainnya,CAKUPAN AREA : LOKAL,MOU - Sertipikat Induk,Rumah Tinggal,Sedang dibangun,YELLOW,LAYAK,Ditolak
Case 37,PENGUSAHA,"PEMBELIAN BEKAS / SECONDARY, RUMAH TINGGAL","Plafon (< 514,750,000)",JOINT INCOME,TIDAK PISAH HARTA,36 - 45,"KOL 1, PERNAH KOL 2",RUMAH TINGGAL (RUMAH KE 2/3),≥ 5,MENIKAH : ≥RP 20 JUTA,>= 15%,≥ 3X ANGSURAN,"≥ 70%, < 100% DARI OMZET","> 60 BULAN, ≤ 120 BULAN",>= 15%,KAS DAN NON KAS ≥ LIMIT KREDIT,PERDAGANGAN,CAKUPAN AREA : LOKAL,"SHM, SERTIPIKAT PECAH",Rumah Tinggal,SEDANG DIHUNI,GREEN,LAYAK,Diterima
Case 38,KARYAWAN,"TOP UP KPR, RUMAH TINGGAL","Plafon (< 514,750,000)",JOINT INCOME,TIDAK PISAH HARTA,36 - 45,"KOL 2, PERNAH KOL 2",Rumah Tinggal (Rumah ke 1),≥ 5,"MENIKAH : < 6,6 JUTA",>= 15%,< 1x angsuran,< 50% DARI GAJI,"> 60 BULAN, ≤ 120 BULAN",>= 15%,null < 50% plafon,"Keuangan, asuransi, perbankan",EXISTING DEB BANK CCBI,"SHM, SERTIPIKAT PECAH",Rumah Tinggal,SEDANG DIHUNI,GREEN,LAYAK,Diterima
Case 39,KARYAWAN,"PEMBELIAN BEKAS / SECONDARY, RUMAH TINGGAL","Plafon (< 514,750,000)",TIDAK JOINT INCOME,TIDAK PISAH HARTA,21 - 35,"Kol 1, Tidak pernah menunggak",Rumah Tinggal (Rumah ke 1),≥ 5,"MENIKAH : ≥RP 10 JUTA,  <RP 20 JUTA",>= 15%,≥ 3X ANGSURAN,≥ 100% DARI GAJI,"> 60 BULAN, ≤ 120 BULAN",>= 15%,KAS DAN NON KAS ≥ LIMIT KREDIT,Pelayanan kesehatan,CAKUPAN AREA : LOKAL,"SHGB, SERTIPIKAT PECAH",Rumah Tinggal,READY STOK,GREEN,LAYAK,Diterima
Case 40,PENGUSAHA,"PEMBELIAN BEKAS / SECONDARY, RUKO / RUKAN","Plafon (514,750,000 - 894,632,536)",TIDAK JOINT INCOME,TIDAK PISAH HARTA,21 - 35,Data Tidak Tersedia,Rumah Tinggal (Rumah ke 1),≥ 5,SINGLE : ≥RP 20 JUTA,>= 15%,≥ 3X ANGSURAN,≥ 100% DARI OMSET,"> 60 BULAN, ≤ 120 BULAN",>= 15%,KAS DAN NON KAS ≥ LIMIT KREDIT,DISTRIBUTOR MAKANAN RINGAN,CAKUPAN AREA : LOKAL,"SHM, SERTIPIKAT PECAH",RUKO/RUKAN,SEDANG DIHUNI,GREEN,LAYAK,Diterima
Case 41,PENGUSAHA,"TAKE OVER KPR, RUMAH TINGGAL","Plafon (< 514,750,000)",JOINT INCOME,TIDAK PISAH HARTA,36 - 45,"KOL 2, PERNAH KOL 2",RUMAH TINGGAL (RUMAH KE 2/3),"≥ 2, < 5",SINGLE : ≥RP 20 JUTA,>= 15%,≥ 3X ANGSURAN,"≥ 70%, < 100% DARI OMZET","> 60 BULAN, ≤ 120 BULAN",>= 15%,KAS DAN NON KAS ≥ LIMIT KREDIT,PENGADAAN BARANG MATERIAL BAHAN BANGUNAN,CAKUPAN AREA : LOKAL,"SHGB, SERTIPIKAT PECAH",Rumah Tinggal,READY STOK,YELLOW,LAYAK,Diterima
Case 42,KARYAWAN,"PEMBELIAN BEKAS / SECONDARY, RUMAH TINGGAL","Plafon (514,750,000 - 894,632,536)",JOINT INCOME,TIDAK PISAH HARTA,46 - 55,"Kol 1, Tidak pernah menunggak",Rumah Tinggal (Rumah ke 1),≥ 5,"MENIKAH : ≥RP 10 JUTA,  <RP 20 JUTA",>= 15%,"≥ 1X ANGSURAN, < 3X ANGSURAN",< 50% DARI GAJI,> 120 BULAN,>= 15%,null < 50% plafon,Lainnya,CAKUPAN AREA : LOKAL,"SHM, SERTIPIKAT INDUK",Rumah Tinggal,READY STOK,GREEN,LAYAK,Diterima
Case 43,PENGUSAHA,"PEMBELIAN BEKAS / SECONDARY, RUMAH TINGGAL","Plafon (< 514,750,000)",JOINT INCOME,TIDAK PISAH HARTA,21 - 35,"Kol 1, Tidak pernah menunggak",Rumah Tinggal (Rumah ke 1),≥ 5,MENIKAH : ≥RP 20 JUTA,>= 15%,≥ 3X ANGSURAN,"≥ 50%, < 70% DARI OMZET","> 60 BULAN, ≤ 120 BULAN",>= 15%,KAS DAN NON KAS ≥ LIMIT KREDIT,CADEB & ISTRI MERUPAKAN PEMILIK USAHA KULINER,CAKUPAN AREA : LOKAL,"SHGB, SERTIPIKAT PECAH",Rumah Tinggal,READY STOK,YELLOW,LAYAK,Diterima
Case 44,PENGUSAHA,"TAKE OVER + TOP UP KPR, RUMAH TINGGAL","Plafon (> 1,340,960,436)",JOINT INCOME,TIDAK PISAH HARTA,46 - 55,"Kol 1, Tidak pernah menunggak",RUMAH TINGGAL (RUMAH KE 2/3),≥ 5,SINGLE : ≥RP 20 JUTA,>= 15%,≥ 3X ANGSURAN,≥ 100% DARI OMSET,"> 60 BULAN, ≤ 120 BULAN",>= 15%,KAS DAN NON KAS ≥ LIMIT KREDIT,PERDAGANGAN,CAKUPAN AREA : LOKAL,"SHM, SERTIPIKAT PECAH",Rumah Tinggal,SEDANG DIHUNI,YELLOW,LAYAK,Diterima
Case 45,PENGUSAHA,"PEMBELIAN BEKAS / SECONDARY, RUMAH TINGGAL","Plafon (514,750,000 - 894,632,536)",JOINT INCOME,TIDAK PISAH HARTA,21 - 35,"Kol 1, Tidak pernah menunggak",Rumah Tinggal (Rumah ke 1),≥ 5,MENIKAH : ≥RP 20 JUTA,>= 15%,≥ 3X ANGSURAN,≥ 100% DARI OMSET,> 120 BULAN,>= 15%,KAS DAN NON KAS ≥ LIMIT KREDIT,Lainnya,CAKUPAN AREA : LOKAL,"SHM, SERTIPIKAT PECAH",Rumah Tinggal,READY STOK,GREEN,LAYAK,Diterima
Case 46,KARYAWAN,"TAKE OVER KPR, RUMAH TINGGAL","Plafon (< 514,750,000)",JOINT INCOME,TIDAK PISAH HARTA,21 - 35,"KOL 2, PERNAH KOL 2",Rumah Tinggal (Rumah ke 1),≥ 5,SINGLE : ≥RP 20 JUTA,>= 15%,≥ 3X ANGSURAN,< 50% DARI GAJI,"> 60 BULAN, ≤ 120 BULAN",>= 15%,KAS DAN NON KAS ≥ LIMIT KREDIT,KEDAI KOPI & BAKERY,CAKUPAN AREA : LOKAL,"SHGB, SERTIPIKAT PECAH",Rumah Tinggal,SEDANG DIHUNI,YELLOW,LAYAK,Diterima
Case 47,PENGUSAHA,"TAKE OVER KPR, RUKO / RUKAN","Plafon (894,632,536 - 1,340,960,436)",TIDAK JOINT INCOME,TIDAK PISAH HARTA,21 - 35,"Kol 1, Tidak pernah menunggak",Rumah Tinggal (Rumah ke 1),"≥ 2, < 5",MENIKAH : ≥RP 20 JUTA,>= 15%,≥ 3X ANGSURAN,≥ 100% DARI OMSET,≤ 60 BULAN,>= 15%,PROPERTI/KENDARAAN < 50% LIMIT KREDIT,PERDAGANGAN,Cakupan area : nasional,"SHM, SERTIPIKAT PECAH",RUKO/RUKAN,SEDANG DIHUNI,GREEN,LAYAK,Diterima
Case 48,KARYAWAN,"PEMBELIAN BEKAS / SECONDARY, RUMAH TINGGAL","Plafon (514,750,000 - 894,632,536)",TIDAK JOINT INCOME,TIDAK PISAH HARTA,21 - 35,"Kol 1, Tidak pernah menunggak",Rumah Tinggal (Rumah ke 1),≥ 5,SINGLE : ≥RP 20 JUTA,>= 15%,≥ 3X ANGSURAN,≥ 100% DARI GAJI,> 120 BULAN,>= 15%,KAS DAN NON KAS ≥ LIMIT KREDIT,Pendidikan,CAKUPAN AREA : LOKAL,"SHGB, SERTIPIKAT PECAH",Rumah Tinggal,READY STOK,GREEN,LAYAK,Diterima
Case 49,PENGUSAHA,"TOP UP KPR, RUMAH TINGGAL","Plafon (< 514,750,000)",JOINT INCOME,TIDAK PISAH HARTA,21 - 35,"Kol 1, Tidak pernah menunggak",RUMAH TINGGAL (RUMAH KE 2/3),"≥ 2, < 5",MENIKAH : ≥RP 20 JUTA,>= 15%,≥ 3X ANGSURAN,≥ 100% DARI OMSET,≤ 60 BULAN,>= 15%,KAS DAN NON KAS ≥ LIMIT KREDIT,JASA KONTRUKSI & INTERIOR DESIGN,CAKUPAN AREA : LOKAL,"SHGB, SERTIPIKAT PECAH",Rumah Tinggal,READY STOK,GREEN,LAYAK,Diterima
Case 50,PENGUSAHA,"TAKE OVER + TOP UP KPR, RUMAH TINGGAL","Plafon (< 514,750,000)",JOINT INCOME,TIDAK PISAH HARTA,36 - 45,"Kol 1, Tidak pernah menunggak",RUMAH TINGGAL (RUMAH KE 2/3),≥ 5,MENIKAH : ≥RP 20 JUTA,>= 15%,≥ 3X ANGSURAN,"≥ 50%, < 70% DARI OMZET","> 60 BULAN, ≤ 120 BULAN",>= 15%,KAS DAN NON KAS ≥ LIMIT KREDIT,PENJUALAN PERLENGKAPAN MESIN KANTOR,CAKUPAN AREA : LOKAL,"SHGB, SERTIPIKAT PECAH",Rumah Tinggal,READY STOK,YELLOW,LAYAK,Diterima
Case 51,PENGUSAHA,"PEMBELIAN BEKAS / SECONDARY, RUMAH TINGGAL","Plafon (> 1,340,960,436)",TIDAK JOINT INCOME,PISAH HARTA,36 - 45,Data Tidak Tersedia,Rumah Tinggal (Rumah ke 1),≥ 5,SINGLE : ≥RP 20 JUTA,>= 15%,≥ 3X ANGSURAN,"≥ 70%, < 100% DARI OMZET",> 120 BULAN,>= 15%,KAS DAN NON KAS ≥ LIMIT KREDIT,JASA BOGA & PERHOTELAN,CAKUPAN AREA : LOKAL,"SHM, SERTIPIKAT PECAH",Rumah Tinggal,SEDANG DIHUNI,GREEN,LAYAK,Diterima
Case 52,KARYAWAN,"Pembelian Baru / Primary, Rumah Tinggal Tipe 22 - 70","Plafon (> 1,340,960,436)",TIDAK JOINT INCOME,TIDAK PISAH HARTA,21 - 35,"Kol 1, Pernah Kol 3, 4 atau 5",Rumah Tinggal (Rumah ke 1),"≥ 2, < 5",MENIKAH : ≥RP 20 JUTA,>= 15%,"≥ 1X ANGSURAN, < 3X ANGSURAN",≥ 100% DARI GAJI,> 120 BULAN,>= 15%,50% plafon <= Properti/kendaraan<= 100% plafon,Perdagangan / distribusi / eksport-import kebutuhan pokok,Multinasional,MOU - Sertipikat Induk,Rumah Tinggal,Indent,GREEN,TIDAK,Ditolak
Case 53,KARYAWAN,"Pembelian Baru / Primary, Rumah Tinggal Tipe 22 - 70","Plafon (894,632,536 - 1,340,960,436)",TIDAK JOINT INCOME,TIDAK PISAH HARTA,21 - 35,"Kol 1, Pernah Kol 2 (30 s.d 60 hari & lebih dari 2 kali) dalam 1 tahun terakhir",Rumah Tinggal (Rumah ke 1),≥ 5,SINGLE : ≥RP 20 JUTA,>= 15%,≥ 3X ANGSURAN,≥ 100% DARI GAJI,> 120 BULAN,>= 15%,null < 50% plafon,Lainnya,Cakupan area : nasional,MOU - Sertipikat Induk,Apartemen,Indent,YELLOW,TIDAK,Ditolak
Case 54,KARYAWAN,"Pembelian Baru / Primary, Rumah Tinggal > Tipe 70","Plafon (894,632,536 - 1,340,960,436)",TIDAK JOINT INCOME,PISAH HARTA,46 - 55,Data Tidak Tersedia,Rumah Tinggal (Rumah ke 1),"≥ 2, < 5","MENIKAH : ≥RP 10 JUTA,  <RP 20 JUTA",>= 15%,≥ 3X ANGSURAN,≥ 100% DARI GAJI,> 120 BULAN,>= 15%,Properti/kendaraan < 50% plafon,Perdagangan / distribusi / eksport-import kebutuhan pokok,Cakupan area : nasional,MOU - Sertipikat Induk,Rumah Tinggal,Indent,YELLOW,TIDAK,Ditolak
Case 55,PENGUSAHA,"Pembelian Baru / Primary, Rumah Tinggal > Tipe 70","Plafon (> 1,340,960,436)",TIDAK JOINT INCOME,TIDAK PISAH HARTA,46 - 55,"Kol 1, Tidak pernah menunggak",RUMAH TINGGAL (RUMAH KE 2/3),≥ 5,SINGLE : ≥RP 20 JUTA,>= 15%,< 1x angsuran,< 50% DARI OMZET,> 120 BULAN,>= 15%,null < 50% plafon,"Farmasi, kosmetik dan alat kedokteran",CAKUPAN AREA : LOKAL,MOU - Sertipikat Induk,Rumah Tinggal,Indent,YELLOW,TIDAK,Ditolak
Case 56,KARYAWAN,"Pembelian Baru / Primary, Apartemen < Tipe 22","Plafon (< 514,750,000)",JOINT INCOME,TIDAK PISAH HARTA,36 - 45,"Kol 1, Tidak pernah menunggak",Rumah Tinggal (Rumah ke 1),≥ 5,MENIKAH : ≥RP 20 JUTA,>= 15%,"≥ 1X ANGSURAN, < 3X ANGSURAN",≥ 100% DARI GAJI,"> 60 BULAN, ≤ 120 BULAN",>= 15%,50% plafon <= Properti/kendaraan<= 100% plafon,Pendidikan,Cakupan area : nasional,MOU - Sertipikat Induk,Apartemen,Indent,GREEN,TIDAK,Ditolak
Case 57,KARYAWAN,"Pembelian Baru / Primary, Apartemen Tipe 22 - 70","Plafon (514,750,000 - 894,632,536)",TIDAK JOINT INCOME,TIDAK PISAH HARTA,21 - 35,Data Tidak Tersedia,Rumah Tinggal (Rumah ke 1),"≥ 2, < 5","SINGLE : ≥RP 10 JUTA,  <RP 20 JUTA",>= 15%,≥ 3X ANGSURAN,≥ 100% DARI GAJI,> 120 BULAN,>= 15%,null < 50% plafon,Perdagangan / distribusi / eksport-import kebutuhan pokok,Cakupan area : nasional,MOU - Sertipikat Induk,Apartemen,Indent,GREEN,TIDAK,Ditolak
Case 58,PENGUSAHA,"Pembelian Baru / Primary, Rumah Tinggal > Tipe 70","Plafon (894,632,536 - 1,340,960,436)",JOINT INCOME,TIDAK PISAH HARTA,21 - 35,Data Tidak Tersedia,RUMAH TINGGAL (RUMAH KE 2/3),≥ 5,MENIKAH : ≥RP 20 JUTA,>= 15%,≥ 3X ANGSURAN,"≥ 70%, < 100% DARI OMZET",> 120 BULAN,>= 15%,DEPOSITO/INVES/EMAS ≥ plafon,Perdagangan / distribusi / eksport-import kebutuhan pokok,Cakupan area : nasional,MOU - Sertipikat Pecah,Rumah Tinggal,Sedang dibangun,YELLOW,TIDAK,Ditolak
Case 59,KARYAWAN,"Pembelian Baru / Primary, Apartemen Tipe 22 - 70","Plafon (894,632,536 - 1,340,960,436)",TIDAK JOINT INCOME,TIDAK PISAH HARTA,21 - 35,"Kol 1, Tidak pernah menunggak",Rumah Tinggal (Rumah ke 1),≥ 5,"MENIKAH : ≥RP 10 JUTA,  <RP 20 JUTA",>= 15%,≥ 3X ANGSURAN,≥ 100% DARI GAJI,> 120 BULAN,>= 15%,null < 50% plafon,Transportasi dan otomotif,Multinasional,MOU - Sertipikat Induk,Apartemen,Sedang dibangun,YELLOW,TIDAK,Ditolak
Case 60,PENGUSAHA,"Pembelian Baru / Primary, Rumah Tinggal > Tipe 70","Plafon (> 1,340,960,436)",TIDAK JOINT INCOME,TIDAK PISAH HARTA,21 - 35,"Kol 1, Pernah Kol 3, 4 atau 5",Rumah Tinggal (Rumah ke 1),≥ 5,MENIKAH : ≥RP 20 JUTA,>= 15%,≥ 3X ANGSURAN,≥ 100% DARI OMSET,> 120 BULAN,>= 15%,null < 50% plafon,Lainnya,CAKUPAN AREA : LOKAL,"SHM, SERTIPIKAT PECAH",Rumah Tinggal,Indent,RED,TIDAK,Ditolak
Case 61,PENGUSAHA,"Pembelian Baru / Primary, Rumah Tinggal > Tipe 70","Plafon (894,632,536 - 1,340,960,436)",JOINT INCOME,TIDAK PISAH HARTA,21 - 35,Data Tidak Tersedia,RUMAH TINGGAL (RUMAH KE 2/3),≥ 5,MENIKAH : ≥RP 20 JUTA,>= 15%,≥ 3X ANGSURAN,"≥ 70%, < 100% DARI OMZET",> 120 BULAN,>= 15%,DEPOSITO/INVES/EMAS ≥ plafon,Perdagangan / distribusi / eksport-import kebutuhan pokok,Cakupan area : nasional,MOU - Sertipikat Pecah,Rumah Tinggal,Sedang dibangun,YELLOW,TIDAK,Ditolak
Case 62,KARYAWAN,"Pembelian Baru / Primary, Apartemen Tipe 22 - 70","Plafon (514,750,000 - 894,632,536)",TIDAK JOINT INCOME,TIDAK PISAH HARTA,21 - 35,"Kol 1, Tidak pernah menunggak",Rumah Tinggal (Rumah ke 1),"≥ 2, < 5","SINGLE : ≥RP 6 JUTA, < RP. 10 JUTA",>= 15%,"≥ 1X ANGSURAN, < 3X ANGSURAN",≥ 100% DARI GAJI,> 120 BULAN,>= 15%,null < 50% plafon,Lainnya,Cakupan area : nasional,MOU - Sertipikat Induk,Apartemen,Indent,YELLOW,TIDAK,Ditolak
Case 63,KARYAWAN,"Pembelian Baru / Primary, Apartemen Tipe 22 - 70","Plafon (< 514,750,000)",TIDAK JOINT INCOME,TIDAK PISAH HARTA,21 - 35,Kol 2 (tidak lebih dari 30 hari) dalam 1 tahun terakhir,Investasi,"≥ 2, < 5",SINGLE : ≥RP 20 JUTA,>= 15%,≥ 3X ANGSURAN,≥ 100% DARI GAJI,> 120 BULAN,>= 15%,Properti/kendaraan >= plafon,"Keuangan, asuransi, perbankan",Cakupan area : nasional,MOU - Sertipikat Induk,Apartemen,Indent,RED,TIDAK,Ditolak
Case 64,KARYAWAN,"Pembelian Baru / Primary, Rumah Tinggal Tipe 22 - 70","Plafon (894,632,536 - 1,340,960,436)",TIDAK JOINT INCOME,TIDAK PISAH HARTA,21 - 35,"Kol 1, Tidak pernah menunggak",Rumah Tinggal (Rumah ke 1),"≥ 2, < 5","SINGLE : ≥RP 10 JUTA,  <RP 20 JUTA",>= 15%,"≥ 1X ANGSURAN, < 3X ANGSURAN",≥ 100% DARI GAJI,> 120 BULAN,>= 15%,null < 50% plafon,Perdagangan / distribusi / eksport-import kebutuhan pokok,Cakupan area : nasional,MOU - Sertipikat Induk,Rumah Tinggal,Sedang dibangun,YELLOW,TIDAK,Ditolak
Case 65,KARYAWAN,"Pembelian Baru / Primary, Apartemen Tipe 22 - 70","Plafon (894,632,536 - 1,340,960,436)",TIDAK JOINT INCOME,TIDAK PISAH HARTA,21 - 35,"Kol 1, Tidak pernah menunggak",Rumah Tinggal (Rumah ke 1),"≥ 2, < 5","SINGLE : ≥RP 10 JUTA,  <RP 20 JUTA",>= 15%,≥ 3X ANGSURAN,≥ 100% DARI GAJI,> 120 BULAN,>= 15%,null < 50% plafon,"Farmasi, kosmetik dan alat kedokteran",Cakupan area : nasional,MOU - Sertipikat Induk,Apartemen,Indent,YELLOW,TIDAK,Ditolak
Case 66,PENGUSAHA,"Pembelian Baru / Primary, Apartemen Tipe 22 - 70","Plafon (> 1,340,960,436)",JOINT INCOME,TIDAK PISAH HARTA,46 - 55,"KOL 1, PERNAH KOL 2",Rumah Tinggal (Rumah ke 1),"≥ 2, < 5",MENIKAH : ≥RP 20 JUTA,>= 15%,≥ 3X ANGSURAN,"≥ 50%, < 70% DARI OMZET","> 60 BULAN, ≤ 120 BULAN",>= 15%,PROPERTI/KENDARAAN ≥ LIMIT KREDIT,KONTRAKTOR/KONSULTAN/ARSITEK,Cakupan area : nasional,MOU - Sertipikat Pecah,Apartemen,Indent,YELLOW,LAYAK,Diterima
Case 67,KARYAWAN,"PEMBELIAN BEKAS / SECONDARY, RUMAH TINGGAL","Plafon (514,750,000 - 894,632,536)",JOINT INCOME,TIDAK PISAH HARTA,21 - 35,"Kol 1, Tidak pernah menunggak",Rumah Tinggal (Rumah ke 1),"≥ 2, < 5",MENIKAH : ≥RP 20 JUTA,>= 15%,≥ 3X ANGSURAN,≥ 100% DARI GAJI,> 120 BULAN,>= 15%,KAS DAN NON KAS ≥ LIMIT KREDIT,SEKRETARIAT DPRD KOTA SUKABUMI,Cakupan area : nasional,"SHGB, SERTIPIKAT PECAH",Rumah Tinggal,READY STOK,GREEN,LAYAK,Diterima
Case 68,KARYAWAN,"RENOVASI, RUMAH TINGGAL","Plafon (< 514,750,000)",TIDAK JOINT INCOME,TIDAK PISAH HARTA,46 - 55,"Kol 1, Tidak pernah menunggak",Rumah Tinggal (Rumah ke 1),≥ 5,"MENIKAH : < 6,6 JUTA",>= 15%,< 1x angsuran,< 50% DARI GAJI,≤ 60 BULAN,>= 20%,PROPERTI/KENDARAAN < 50% LIMIT KREDIT,Lainnya,CAKUPAN AREA : LOKAL,"SHM, SERTIPIKAT PECAH",Rumah Tinggal,SEDANG DIHUNI,GREEN,LAYAK,Diterima
Case 69,KARYAWAN,"PEMBELIAN BEKAS / SECONDARY, RUMAH TINGGAL","Plafon (< 514,750,000)",TIDAK JOINT INCOME,TIDAK PISAH HARTA,21 - 35,"Kol 1, Tidak pernah menunggak",RUMAH TINGGAL (RUMAH KE 2/3),≥ 5,"SINGLE : ≥RP 10 JUTA,  <RP 20 JUTA",>= 15%,"≥ 1X ANGSURAN, < 3X ANGSURAN",≥ 100% DARI GAJI,"> 60 BULAN, ≤ 120 BULAN",>= 15%,KAS DAN NON KAS ≥ LIMIT KREDIT < 100%DARI LIMIT KREDIT,KONTRAKTOR/KONSULTAN/ARSITEK,CAKUPAN AREA : LOKAL,"SHM, SERTIPIKAT PECAH",Rumah Tinggal,READY STOK,GREEN,LAYAK,Diterima
Case 70,PENGUSAHA,"TAKE OVER KPR, RUMAH TINGGAL","Plafon (894,632,536 - 1,340,960,436)",JOINT INCOME,TIDAK PISAH HARTA,36 - 45,"KOL 1, PERNAH KOL 2",RUMAH TINGGAL (RUMAH KE 2/3),≥ 5,MENIKAH : ≥RP 20 JUTA,>= 15%,≥ 3X ANGSURAN,"≥ 50%, < 70% DARI OMZET",≤ 60 BULAN,>= 15%,PROPERTI/KENDARAAN ≥ LIMIT KREDIT,PERDAGANGAN,CAKUPAN AREA : LOKAL,"SHGB, SERTIPIKAT PECAH",Rumah Tinggal,SEDANG DIHUNI,YELLOW,LAYAK,Diterima
Case 71,KARYAWAN,"PEMBELIAN BEKAS / SECONDARY, RUMAH TINGGAL","Plafon (< 514,750,000)",JOINT INCOME,TIDAK PISAH HARTA,21 - 35,"Kol 1, Tidak pernah menunggak",Rumah Tinggal (Rumah ke 1),≥ 5,"MENIKAH : ≥RP 10 JUTA,  <RP 20 JUTA",>= 15%,"≥ 1X ANGSURAN, < 3X ANGSURAN","≥ 50%, < 70% DARI GAJI","> 60 BULAN, ≤ 120 BULAN",>= 15%,KAS DAN NON KAS ≥ LIMIT KREDIT,DISTRIBUTOR BAHAN BANGUNAN,CAKUPAN AREA : LOKAL,"SHGB, SERTIPIKAT PECAH",Rumah Tinggal,READY STOK,GREEN,LAYAK,Diterima
Case 72,PENGUSAHA,"PEMBELIAN BEKAS / SECONDARY, RUMAH TINGGAL","Plafon (> 1,340,960,436)",TIDAK JOINT INCOME,TIDAK PISAH HARTA,21 - 35,"Kol 1, Tidak pernah menunggak",Rumah Tinggal (Rumah ke 1),≥ 5,MENIKAH : ≥RP 20 JUTA,>= 15%,≥ 3X ANGSURAN,≥ 100% DARI OMSET,"> 60 BULAN, ≤ 120 BULAN",>= 15%,PROPERTI/KENDARAAN ≥ LIMIT KREDIT,PERDAGANGAN,CAKUPAN AREA : LOKAL,"SHM, SERTIPIKAT PECAH",Rumah Tinggal,READY STOK,GREEN,LAYAK,Diterima
Case 73,PENGUSAHA,"PEMBELIAN BEKAS / SECONDARY, RUMAH TINGGAL","Plafon (514,750,000 - 894,632,536)",JOINT INCOME,TIDAK PISAH HARTA,21 - 35,"Kol 1, Tidak pernah menunggak",Rumah Tinggal (Rumah ke 1),"≥ 2, < 5",MENIKAH : ≥RP 20 JUTA,>= 15%,"≥ 1X ANGSURAN, < 3X ANGSURAN",≥ 100% DARI OMSET,> 120 BULAN,>= 15%,KAS DAN NON KAS ≥ LIMIT KREDIT,"INFORMASI, TELEKOMUNIKASI DAN KOMPUTER",CAKUPAN AREA : LOKAL,MOU - Sertipikat Pecah,Rumah Tinggal,Indent,GREEN,LAYAK,Diterima
Case 74,KARYAWAN,"TAKE OVER + TOP UP KPR, RUMAH TINGGAL","Plafon (> 1,340,960,436)",TIDAK JOINT INCOME,TIDAK PISAH HARTA,36 - 45,"Kol 1, Tidak pernah menunggak",RUMAH TINGGAL (RUMAH KE 2/3),≥ 5,MENIKAH : ≥RP 20 JUTA,>= 15%,≥ 3X ANGSURAN,"≥ 70%, < 100% DARI GAJI","> 60 BULAN, ≤ 120 BULAN",>= 40%,KAS DAN NON KAS ≥ LIMIT KREDIT,Perdagangan / distribusi / eksport-import kebutuhan pokok,Multinasional,SHGB,Rumah Tinggal,SEDANG DIHUNI,GREEN,LAYAK,Diterima
Case 75,PENGUSAHA,"TAKE OVER KPR, RUKO / RUKAN","Plafon (> 1,340,960,436)",JOINT INCOME,TIDAK PISAH HARTA,36 - 45,"Kol 1, Tidak pernah menunggak",RUMAH TINGGAL (RUMAH KE 2/3),≥ 5,MENIKAH : ≥RP 20 JUTA,>= 15%,≥ 3X ANGSURAN,"≥ 70%, < 100% DARI OMZET","> 60 BULAN, ≤ 120 BULAN",>= 20%,KAS DAN NON KAS ≥ LIMIT KREDIT,Perdagangan / distribusi / eksport-import kebutuhan pokok,CAKUPAN AREA : LOKAL,SHGB,RUKO/RUKAN,Indent,GREEN,LAYAK,Diterima
Case 76,PENGUSAHA,"TAKE OVER KPR, RUMAH TINGGAL","Plafon (> 1,340,960,436)",JOINT INCOME,TIDAK PISAH HARTA,46 - 55,"Kol 1, Tidak pernah menunggak",RUMAH TINGGAL (RUMAH KE 2/3),≥ 5,MENIKAH : ≥RP 20 JUTA,>= 15%,≥ 3X ANGSURAN,"≥ 70%, < 100% DARI OMZET","> 60 BULAN, ≤ 120 BULAN",>= 20%,KAS DAN NON KAS ≥ LIMIT KREDIT,JASA BOGA & PERHOTELAN,CAKUPAN AREA : LOKAL,SHM,Rumah Tinggal,Indent,GREEN,LAYAK,Diterima
Case 77,PENGUSAHA,"PEMBELIAN BEKAS / SECONDARY, RUMAH TINGGAL","Plafon (514,750,000 - 894,632,536)",JOINT INCOME,TIDAK PISAH HARTA,21 - 35,"Kol 1, Tidak pernah menunggak",Rumah Tinggal (Rumah ke 1),"≥ 2, < 5",MENIKAH : ≥RP 20 JUTA,>= 15%,≥ 3X ANGSURAN,"≥ 70%, < 100% DARI OMZET","> 60 BULAN, ≤ 120 BULAN",>= 20%,KAS DAN NON KAS ≥ LIMIT KREDIT,Transportasi dan otomotif,CAKUPAN AREA : LOKAL,SHM,Rumah Tinggal,Indent,GREEN,LAYAK,Diterima
Case 78,PENGUSAHA,"PEMBELIAN BEKAS / SECONDARY, RUKO / RUKAN","Plafon (> 1,340,960,436)",TIDAK JOINT INCOME,TIDAK PISAH HARTA,36 - 45,"Kol 1, Tidak pernah menunggak",Rumah Tinggal (Rumah ke 1),≥ 5,MENIKAH : ≥RP 20 JUTA,>= 15%,≥ 3X ANGSURAN,≥ 100% DARI OMSET,"> 60 BULAN, ≤ 120 BULAN",>= 15%,PROPERTI/KENDARAAN ≥ LIMIT KREDIT,PERDAGANGAN,CAKUPAN AREA : LOKAL,"SHGB, SERTIPIKAT PECAH",RUKO/RUKAN,SEDANG DIHUNI,GREEN,LAYAK,Diterima
Case 79,PENGUSAHA,"PEMBELIAN BEKAS / SECONDARY, RUMAH TINGGAL","Plafon (514,750,000 - 894,632,536)",JOINT INCOME,TIDAK PISAH HARTA,21 - 35,"Kol 1, Tidak pernah menunggak",Rumah Tinggal (Rumah ke 1),"≥ 2, < 5",MENIKAH : ≥RP 20 JUTA,>= 15%,"≥ 1X ANGSURAN, < 3X ANGSURAN",≥ 100% DARI OMSET,> 120 BULAN,>= 15%,KAS DAN NON KAS ≥ LIMIT KREDIT,"INFORMASI, TELEKOMUNIKASI DAN KOMPUTER",CAKUPAN AREA : LOKAL,MOU - Sertipikat Pecah,Rumah Tinggal,Indent,GREEN,LAYAK,Diterima
Case 80,PENGUSAHA,"PEMBELIAN BEKAS / SECONDARY, RUMAH TINGGAL","Plafon (> 1,340,960,436)",TIDAK JOINT INCOME,PISAH HARTA,36 - 45,"Kol 1, Tidak pernah menunggak",Rumah Tinggal (Rumah ke 1),≥ 5,MENIKAH : ≥RP 20 JUTA,>= 15%,≥ 3X ANGSURAN,≥ 100% DARI OMSET,"> 60 BULAN, ≤ 120 BULAN",>= 15%,PROPERTI/KENDARAAN ≥ LIMIT KREDIT,Perdagangan / distribusi / eksport-import kebutuhan pokok,CAKUPAN AREA : LOKAL,"SHM, SERTIPIKAT PECAH",Rumah Tinggal,READY STOK,GREEN,LAYAK,Diterima
Case 81,PENGUSAHA,"PEMBELIAN BEKAS / SECONDARY, RUMAH TINGGAL","Plafon (514,750,000 - 894,632,536)",TIDAK JOINT INCOME,TIDAK PISAH HARTA,21 - 35,"Kol 1, Tidak pernah menunggak",RUMAH TINGGAL (RUMAH KE 2/3),"≥ 2, < 5",SINGLE : ≥RP 20 JUTA,>= 15%,≥ 3X ANGSURAN,≥ 100% DARI OMSET,"> 60 BULAN, ≤ 120 BULAN",>= 15%,PROPERTI/KENDARAAN < 100% LIMIT KREDIT,Perdagangan / distribusi / eksport-import kebutuhan pokok,Cakupan area : nasional,"SHM, SERTIPIKAT PECAH",Rumah Tinggal,READY STOK,GREEN,LAYAK,Diterima
Case 82,PENGUSAHA,"PEMBELIAN BEKAS / SECONDARY, RUMAH TINGGAL","Plafon (> 1,340,960,436)",TIDAK JOINT INCOME,TIDAK PISAH HARTA,36 - 45,"Kol 1, Tidak pernah menunggak",RUMAH TINGGAL (RUMAH KE 2/3),≥ 5,MENIKAH : ≥RP 20 JUTA,>= 15%,≥ 3X ANGSURAN,"≥ 70%, < 100% DARI OMZET","> 60 BULAN, ≤ 120 BULAN",>= 15%,PROPERTI/KENDARAAN < 100% LIMIT KREDIT,JASA BOGA & PERHOTELAN,CAKUPAN AREA : LOKAL,"SHGB, SERTIPIKAT PECAH",Rumah Tinggal,READY STOK,GREEN,LAYAK,Diterima
Case 83,KARYAWAN,"PEMBELIAN BEKAS / SECONDARY, RUMAH TINGGAL","Plafon (894,632,536 - 1,340,960,436)",JOINT INCOME,TIDAK PISAH HARTA,21 - 35,"KOL 1, PERNAH KOL 2",Rumah Tinggal (Rumah ke 1),≥ 5,MENIKAH : ≥RP 20 JUTA,>= 15%,≥ 3X ANGSURAN,≥ 100% DARI GAJI,> 120 BULAN,>= 15%,PROPERTI/KENDARAAN ≥ LIMIT KREDIT,"Keuangan, asuransi, perbankan",Public listed,"SHM, SERTIPIKAT PECAH",Rumah Tinggal,READY STOK,GREEN,LAYAK,Diterima
Case 84,KARYAWAN,"PEMBELIAN BEKAS / SECONDARY, RUMAH TINGGAL","Plafon (> 1,340,960,436)",TIDAK JOINT INCOME,PISAH HARTA,36 - 45,"Kol 1, Tidak pernah menunggak",Rumah Tinggal (Rumah ke 1),≥ 5,SINGLE : < 6 JUTA,>= 15%,≥ 3X ANGSURAN,< 50% DARI GAJI,> 120 BULAN,>= 15%,KAS DAN NON KAS < 100% LIMIT KREDIT,"Keuangan, asuransi, perbankan",Multinasional,"SHM, SERTIPIKAT PECAH",Rumah Tinggal,READY STOK,GREEN,LAYAK,Diterima
Case 85,PENGUSAHA,"PEMBELIAN BEKAS / SECONDARY, RUMAH TINGGAL","Plafon (514,750,000 - 894,632,536)",TIDAK JOINT INCOME,PISAH HARTA,56 - 65,"Kol 1, Tidak pernah menunggak",RUMAH TINGGAL (RUMAH KE 2/3),≥ 5,MENIKAH : ≥RP 20 JUTA,>= 15%,≥ 3X ANGSURAN,"≥ 70%, < 100% DARI OMZET","> 60 BULAN, ≤ 120 BULAN",>= 15%,PROPERTI/KENDARAAN ≥ LIMIT KREDIT,JASA TELEKOMUNIKASI,Cakupan area : nasional,"SHM, SERTIPIKAT PECAH",Rumah Tinggal,SEDANG DIHUNI,GREEN,LAYAK,Diterima
Case 86,KARYAWAN,"TOP UP KPR, RUMAH TINGGAL","Plafon (< 514,750,000)",JOINT INCOME,TIDAK PISAH HARTA,46 - 55,"Kol 1, Tidak pernah menunggak",Rumah Tinggal (Rumah ke 1),≥ 5,MENIKAH : ≥RP 20 JUTA,>= 15%,≥ 3X ANGSURAN,≥ 100% DARI GAJI,"> 60 BULAN, ≤ 120 BULAN",>= 20%,PROPERTI/KENDARAAN < 100% LIMIT KREDIT,Pendidikan,Cakupan area : nasional,"SHM, SERTIPIKAT PECAH",Rumah Tinggal,SEDANG DIRENOVASI,YELLOW,LAYAK,Diterima
Case 87,KARYAWAN,"PEMBELIAN BEKAS / SECONDARY, RUMAH TINGGAL","Plafon (> 1,340,960,436)",JOINT INCOME,TIDAK PISAH HARTA,21 - 35,Data Tidak Tersedia,Rumah Tinggal (Rumah ke 1),≥ 5,"SINGLE : ≥RP 10 JUTA,  <RP 20 JUTA",>= 15%,< 1x angsuran,< 50% DARI GAJI,> 120 BULAN,>= 20%,null < 50% plafon,Lainnya,Cakupan area : nasional,SHM,Rumah Tinggal,SEDANG DIHUNI,RED,TIDAK,Ditolak
Case 88,PENGUSAHA,"PEMBELIAN BEKAS / SECONDARY, RUMAH TINGGAL","Plafon (< 514,750,000)",TIDAK JOINT INCOME,PISAH HARTA,21 - 35,Data Tidak Tersedia,Rumah Tinggal (Rumah ke 1),≥ 5,SINGLE : ≥RP 20 JUTA,>= 15%,≥ 3X ANGSURAN,"≥ 70%, < 100% DARI OMZET",≤ 60 BULAN,>= 15%,null < 50% plafon,Perdagangan / distribusi / eksport-import kebutuhan pokok,CAKUPAN AREA : LOKAL,"SHGB, SERTIPIKAT PECAH",Rumah Tinggal,READY STOK,GREEN,LAYAK,Diterima
Case 89,PROFESIONAL,"PEMBELIAN BEKAS / SECONDARY, RUMAH TINGGAL","Plafon (> 1,340,960,436)",TIDAK JOINT INCOME,TIDAK PISAH HARTA,36 - 45,"Kol 1, Tidak pernah menunggak",RUMAH TINGGAL (RUMAH KE 2/3),≥ 5,SINGLE : ≥RP 20 JUTA,>= 15%,≥ 3X ANGSURAN,≥ 100% DARI GAJI,"> 60 BULAN, ≤ 120 BULAN",>= 15%,null < 50% plafon,KONTRAKTOR/KONSULTAN/ARSITEK,CAKUPAN AREA : LOKAL,"SHM, SERTIPIKAT PECAH",Rumah Tinggal,READY STOK,GREEN,LAYAK,Diterima
Case 90,KARYAWAN,"TAKE OVER KPR, RUMAH TINGGAL","Plafon (< 514,750,000)",TIDAK JOINT INCOME,TIDAK PISAH HARTA,21 - 35,Data Tidak Tersedia,RUMAH TINGGAL (RUMAH KE 2/3),< 2,"MENIKAH : < 6,6 JUTA",>= 15%,< 1x angsuran,< 50% DARI GAJI,> 120 BULAN,>= 15%,null < 50% plafon,"Keuangan, asuransi, perbankan",Cakupan area : nasional,"SHM, SERTIPIKAT PECAH",Rumah Tinggal,SEDANG DIHUNI,GREEN,LAYAK,Diterima
Case 91,KARYAWAN,"Pembelian Baru / Primary, Rumah Tinggal Tipe 22 - 70","Plafon (> 1,340,960,436)",TIDAK JOINT INCOME,TIDAK PISAH HARTA,21 - 35,"Kol 1, Pernah Kol 3, 4 atau 5",Rumah Tinggal (Rumah ke 1),"≥ 2, < 5",MENIKAH : ≥RP 20 JUTA,>= 15%,"≥ 1X ANGSURAN, < 3X ANGSURAN",≥ 100% DARI GAJI,> 120 BULAN,>= 15%,50% plafon <= Properti/kendaraan<= 100% plafon,Perdagangan / distribusi / eksport-import kebutuhan pokok,Multinasional,MOU - Sertipikat Induk,Rumah Tinggal,Indent,GREEN,TIDAK,Ditolak
Case 92,KARYAWAN,"Pembelian Baru / Primary, Rumah Tinggal > Tipe 70","Plafon (> 1,340,960,436)",TIDAK JOINT INCOME,TIDAK PISAH HARTA,36 - 45,"Kol 1, Pernah Kol 2 (tidak lebih dari 30 hari) dalam 1 tahun terakhir",Rumah Tinggal (Rumah ke 1),≥ 5,SINGLE : ≥RP 20 JUTA,>= 15%,≥ 3X ANGSURAN,≥ 100% DARI GAJI,> 120 BULAN,>= 15%,50% plafon <= Properti/kendaraan<= 100% plafon,Lainnya,Cakupan area : nasional,MOU - Sertipikat Induk,Rumah Tinggal,Sedang dibangun,GREEN,TIDAK,Ditolak
Case 93,KARYAWAN,"Pembelian Baru / Primary, Rumah Tinggal > Tipe 70","Plafon (894,632,536 - 1,340,960,436)",TIDAK JOINT INCOME,PISAH HARTA,46 - 55,Data Tidak Tersedia,Rumah Tinggal (Rumah ke 1),< 2,"MENIKAH : ≥RP 10 JUTA,  <RP 20 JUTA",>= 15%,≥ 3X ANGSURAN,≥ 100% DARI GAJI,> 120 BULAN,>= 15%,Properti/kendaraan < 50% plafon,Perdagangan / distribusi / eksport-import kebutuhan pokok,Cakupan area : nasional,MOU - Sertipikat Induk,Rumah Tinggal,Indent,YELLOW,LAYAK,Ditolak
Case 94,KARYAWAN,"Pembelian Baru / Primary, Apartemen Tipe 22 - 70","Plafon (< 514,750,000)",TIDAK JOINT INCOME,TIDAK PISAH HARTA,21 - 35,"Kol 1, Tidak pernah menunggak",Rumah Tinggal (Rumah ke 1),"≥ 2, < 5",SINGLE : ≥RP 20 JUTA,>= 15%,≥ 3X ANGSURAN,≥ 100% DARI GAJI,> 120 BULAN,>= 15%,50% plafon <= Properti/kendaraan<= 100% plafon,Lainnya,CAKUPAN AREA : LOKAL,MOU - Sertipikat Induk,Apartemen,Sedang dibangun,GREEN,TIDAK,Ditolak
Case 95,PENGUSAHA,"Pembelian Baru / Primary, Rumah Tinggal > Tipe 70","Plafon (> 1,340,960,436)",TIDAK JOINT INCOME,TIDAK PISAH HARTA,46 - 55,"Kol 1, Tidak pernah menunggak",RUMAH TINGGAL (RUMAH KE 2/3),≥ 5,SINGLE : ≥RP 20 JUTA,>= 15%,< 1x angsuran,< 50% DARI OMZET,> 120 BULAN,>= 15%,null < 50% plafon,"Farmasi, kosmetik dan alat kedokteran",CAKUPAN AREA : LOKAL,MOU - Sertipikat Induk,Rumah Tinggal,Indent,YELLOW,TIDAK,Ditolak
Case 96,KARYAWAN,"Pembelian Baru / Primary, Apartemen Tipe 22 - 70","Plafon (514,750,000 - 894,632,536)",TIDAK JOINT INCOME,TIDAK PISAH HARTA,21 - 35,Data Tidak Tersedia,Rumah Tinggal (Rumah ke 1),"≥ 2, < 5","SINGLE : ≥RP 10 JUTA,  <RP 20 JUTA",>= 15%,≥ 3X ANGSURAN,≥ 100% DARI GAJI,> 120 BULAN,>= 15%,null < 50% plafon,Perdagangan / distribusi / eksport-import kebutuhan pokok,Cakupan area : nasional,MOU - Sertipikat Induk,Apartemen,Indent,GREEN,TIDAK,Ditolak
Case 97,KARYAWAN,"Pembelian Baru / Primary, Rumah Tinggal > Tipe 70","Plafon (> 1,340,960,436)",TIDAK JOINT INCOME,TIDAK PISAH HARTA,36 - 45,"Kol 1, Pernah Kol 2 (tidak lebih dari 30 hari) dalam 1 tahun terakhir",Rumah Tinggal (Rumah ke 1),≥ 5,SINGLE : ≥RP 20 JUTA,>= 15%,≥ 3X ANGSURAN,≥ 100% DARI GAJI,> 120 BULAN,>= 15%,50% plafon <= Properti/kendaraan<= 100% plafon,Lainnya,Cakupan area : nasional,MOU - Sertipikat Induk,Rumah Tinggal,Sedang dibangun,GREEN,TIDAK,Ditolak
Case 98,KARYAWAN,"Pembelian Baru / Primary, Apartemen < Tipe 22","Plafon (< 514,750,000)",JOINT INCOME,TIDAK PISAH HARTA,36 - 45,"Kol 1, Tidak pernah menunggak",Rumah Tinggal (Rumah ke 1),≥ 5,MENIKAH : ≥RP 20 JUTA,>= 15%,"≥ 1X ANGSURAN, < 3X ANGSURAN",≥ 100% DARI GAJI,"> 60 BULAN, ≤ 120 BULAN",>= 15%,50% plafon <= Properti/kendaraan<= 100% plafon,Pendidikan,Cakupan area : nasional,MOU - Sertipikat Induk,Apartemen,Indent,GREEN,TIDAK,Ditolak
Case 99,PENGUSAHA,"Pembelian Baru / Primary, Rumah Tinggal > Tipe 70","Plafon (894,632,536 - 1,340,960,436)",JOINT INCOME,TIDAK PISAH HARTA,21 - 35,Data Tidak Tersedia,RUMAH TINGGAL (RUMAH KE 2/3),≥ 5,MENIKAH : ≥RP 20 JUTA,>= 15%,≥ 3X ANGSURAN,"≥ 70%, < 100% DARI OMZET",> 120 BULAN,>= 15%,DEPOSITO/INVES/EMAS < 50% plafon,Perdagangan / distribusi / eksport-import kebutuhan pokok,Cakupan area : nasional,MOU - Sertipikat Pecah,Rumah Tinggal,Sedang dibangun,YELLOW,TIDAK,Ditolak
Case 100,KARYAWAN,"Pembelian Baru / Primary, Apartemen Tipe 22 - 70","Plafon (514,750,000 - 894,632,536)",TIDAK JOINT INCOME,TIDAK PISAH HARTA,21 - 35,"Kol 1, Tidak pernah menunggak",Rumah Tinggal (Rumah ke 1),"≥ 2, < 5","SINGLE : ≥RP 6 JUTA, < RP. 10 JUTA",>= 15%,"≥ 1X ANGSURAN, < 3X ANGSURAN",≥ 100% DARI GAJI,> 120 BULAN,>= 15%,null < 50% plafon,Lainnya,Cakupan area : nasional,MOU - Sertipikat Induk,Apartemen,Indent,YELLOW,TIDAK,Ditolak
Case 101,PENGUSAHA,"Pembelian Baru / Primary, Ruko / Rukan","Plafon (894,632,536 - 1,340,960,436)",JOINT INCOME,TIDAK PISAH HARTA,36 - 45,Data Tidak Tersedia,RUMAH TINGGAL (RUMAH KE 2/3),≥ 5,MENIKAH : ≥RP 20 JUTA,>= 15%,≥ 3X ANGSURAN,≥ 100% DARI OMSET,> 120 BULAN,>= 15%,Properti/kendaraan >= plafon,KONTRAKTOR/KONSULTAN/ARSITEK,Cakupan area : nasional,MOU - Sertipikat Induk,RUKO/RUKAN,Indent,GREEN,LAYAK,Diterima
Case 102,KARYAWAN,"Pembelian Baru / Primary, Rumah Tinggal Tipe 22 - 70","Plafon (514,750,000 - 894,632,536)",TIDAK JOINT INCOME,TIDAK PISAH HARTA,21 - 35,"Kol 1, Tidak pernah menunggak",RUMAH TINGGAL (RUMAH KE 2/3),≥ 5,SINGLE : ≥RP 10 JUTA,>= 15%,≥ 3X ANGSURAN,≥ 100% DARI GAJI,> 120 BULAN,>= 15%,null < 50% plafon,"Farmasi, kosmetik dan alat kedokteran",Multinasional,MOU - Sertipikat Induk,Rumah Tinggal,Indent,YELLOW,LAYAK,Diterima
Case 103,PENGUSAHA,"Pembelian Baru / Primary, Rumah Tinggal Tipe 22 - 70","Plafon (> 1,340,960,436)",TIDAK JOINT INCOME,TIDAK PISAH HARTA,21 - 35,"Kol 1, Pernah Kol 2 (tidak lebih dari 30 hari) dalam 1 tahun terakhir",Rumah Tinggal (Rumah ke 1),"≥ 2, < 5",MENIKAH : ≥RP 20 JUTA,>= 15%,≥ 3X ANGSURAN,≥ 70% DARI OMSET,> 120 BULAN,>= 15%,null < 50% plafon,Perdagangan / distribusi / eksport-import kebutuhan pokok,CAKUPAN AREA : LOKAL,MOU - Sertipikat Induk,Rumah Tinggal,Indent,GREEN,LAYAK,Diterima
Case 104,KARYAWAN,"Pembelian Baru / Primary, Apartemen Tipe 22 - 70","Plafon (< 514,750,000)",TIDAK JOINT INCOME,TIDAK PISAH HARTA,46 - 55,"Kol 1, Tidak pernah menunggak",Rumah Tinggal (Rumah ke 1),"≥ 2, < 5",MENIKAH : ≥RP 10 JUTA,>= 15%,≥ 3X ANGSURAN,≥ 100% DARI GAJI,> 120 BULAN,>= 15%,Properti/kendaraan >= plafon,Lainnya,CAKUPAN AREA : LOKAL,MOU - Sertipikat Induk,Apartemen,Sedang dibangun,GREEN,LAYAK,Diterima
Case 105,KARYAWAN,"Pembelian Baru / Primary, Apartemen Tipe 22 - 70","Plafon (514,750,000 - 894,632,536)",TIDAK JOINT INCOME,TIDAK PISAH HARTA,21 - 35,"Kol 1, Tidak pernah menunggak",Rumah Tinggal (Rumah ke 1),"≥ 2, < 5",SINGLE : ≥RP 10 JUTA,>= 15%,"≥ 1X ANGSURAN, < 3X ANGSURAN",≥ 100% DARI GAJI,> 120 BULAN,< 15%,Properti/kendaraan < 50% plafon,Lainnya,CAKUPAN AREA : LOKAL,MOU - Sertipikat Induk,Apartemen,Sedang dibangun,YELLOW,LAYAK,Diterima
Case 106,KARYAWAN,"Pembelian Baru / Primary, Rumah Tinggal Tipe 22 - 70","Plafon (> 1,340,960,436)",TIDAK JOINT INCOME,TIDAK PISAH HARTA,21 - 35,"Kol 1, Tidak pernah menunggak",Rumah Tinggal (Rumah ke 1),≥ 5,SINGLE : ≥RP 20 JUTA,>= 15%,"≥ 1X ANGSURAN, < 3X ANGSURAN",≥ 100% DARI GAJI,> 120 BULAN,>= 15%,Properti/kendaraan < 50% plafon,"Keuangan, asuransi, perbankan",Multinasional,MOU - Sertipikat Induk,Rumah Tinggal,Sedang dibangun,GREEN,LAYAK,Diterima
Case 107,KARYAWAN,"Pembelian Baru / Primary, Apartemen Tipe 22 - 70","Plafon (< 514,750,000)",TIDAK JOINT INCOME,TIDAK PISAH HARTA,36 - 45,"Kol 1, Tidak pernah menunggak",Rumah Tinggal (Rumah ke 1),≥ 5,MENIKAH : ≥RP 20 JUTA,>= 15%,< 1x angsuran,≥ 100% DARI GAJI,"> 60 BULAN, ≤ 120 BULAN",>= 15%,null < 50% plafon,Transportasi dan otomotif,Cakupan area : nasional,MOU - Sertipikat Induk,Apartemen,Sedang dibangun,GREEN,LAYAK,Diterima
Case 108,PENGUSAHA,"Pembelian Baru / Primary, Apartemen Tipe 22 - 70","Plafon (514,750,000 - 894,632,536)",TIDAK JOINT INCOME,TIDAK PISAH HARTA,21 - 35,"Kol 1, Tidak pernah menunggak",Rumah Tinggal (Rumah ke 1),≥ 5,MENIKAH : ≥RP 20 JUTA,>= 15%,≥ 3X ANGSURAN,≥ 100% DARI OMSET,> 120 BULAN,>= 15%,Properti/kendaraan < 50% plafon,KONTRAKTOR/KONSULTAN/ARSITEK,CAKUPAN AREA : LOKAL,MOU - Sertipikat Induk,Apartemen,Sedang dibangun,GREEN,LAYAK,Diterima
Case 109,PENGUSAHA,"Pembelian Baru / Primary, Apartemen Tipe 22 - 70","Plafon (< 514,750,000)",TIDAK JOINT INCOME,TIDAK PISAH HARTA,46 - 55,Data Tidak Tersedia,Rumah Tinggal (Rumah ke 1),"≥ 2, < 5",MENIKAH : ≥RP 20 JUTA,>= 15%,≥ 3X ANGSURAN,≥ 100% DARI OMSET,> 120 BULAN,< 15%,null < 50% plafon,Perdagangan / distribusi / eksport-import kebutuhan pokok,CAKUPAN AREA : LOKAL,MOU - Sertipikat Induk,Apartemen,Indent,GREEN,LAYAK,Diterima
Case 110,KARYAWAN,"Pembelian Baru / Primary, Apartemen Tipe 22 - 70","Plafon (< 514,750,000)",TIDAK JOINT INCOME,TIDAK PISAH HARTA,21 - 35,"Kol 1, Tidak pernah menunggak",Rumah Tinggal (Rumah ke 1),"≥ 2, < 5",SINGLE : ≥RP 20 JUTA,>= 15%,≥ 3X ANGSURAN,≥ 100% DARI GAJI,"> 60 BULAN, ≤ 120 BULAN",>= 15%,Properti/kendaraan >= plafon,Lainnya,CAKUPAN AREA : LOKAL,MOU - Sertipikat Induk,Apartemen,Sedang dibangun,YELLOW,LAYAK,Diterima
Case 111,KARYAWAN,"Pembelian Baru / Primary, Apartemen Tipe 22 - 70","Plafon (894,632,536 - 1,340,960,436)",TIDAK JOINT INCOME,TIDAK PISAH HARTA,21 - 35,Data Tidak Tersedia,Rumah Tinggal (Rumah ke 1),"≥ 2, < 5",SINGLE : ≥RP 20 JUTA,>= 15%,≥ 3X ANGSURAN,≥ 100% DARI GAJI,> 120 BULAN,< 15%,null < 50% plafon,Lainnya,Cakupan area : nasional,MOU - Sertipikat Induk,Apartemen,Sedang dibangun,GREEN,LAYAK,Diterima
Case 112,PENGUSAHA,"Pembelian Baru / Primary, Rumah Tinggal > Tipe 70","Plafon (894,632,536 - 1,340,960,436)",TIDAK JOINT INCOME,TIDAK PISAH HARTA,21 - 35,"Kol 1, Tidak pernah menunggak",Rumah Tinggal (Rumah ke 1),"≥ 2, < 5",MENIKAH : ≥RP 20 JUTA,>= 15%,"≥ 1X ANGSURAN, < 3X ANGSURAN",≥ 70% DARI OMSET,> 120 BULAN,>= 15%,null < 50% plafon,Lainnya,CAKUPAN AREA : LOKAL,MOU - Sertipikat Induk,Rumah Tinggal,Indent,GREEN,LAYAK,Diterima
Case 113,PENGUSAHA,"Pembelian Baru / Primary, Rumah Tinggal > Tipe 70","Plafon (514,750,000 - 894,632,536)",TIDAK JOINT INCOME,TIDAK PISAH HARTA,36 - 45,"Kol 1, Tidak pernah menunggak",Rumah Tinggal (Rumah ke 1),"≥ 2, < 5",MENIKAH : ≥RP 20 JUTA,>= 15%,"≥ 1X ANGSURAN, < 3X ANGSURAN",≥ 70% DARI OMSET,"> 60 BULAN, ≤ 120 BULAN",>= 15%,Properti/kendaraan >= plafon,Lainnya,CAKUPAN AREA : LOKAL,MOU - Sertipikat Induk,Rumah Tinggal,Indent,YELLOW,LAYAK,Diterima
Case 114,KARYAWAN,"Pembelian Baru / Primary, Rumah Tinggal > Tipe 70","Plafon (894,632,536 - 1,340,960,436)",TIDAK JOINT INCOME,TIDAK PISAH HARTA,21 - 35,"Kol 1, Tidak pernah menunggak",Rumah Tinggal (Rumah ke 1),"≥ 2, < 5",SINGLE : ≥RP 20 JUTA,>= 15%,≥ 3X ANGSURAN,≥ 100% DARI GAJI,> 120 BULAN,>= 15%,null < 50% plafon,Lainnya,CAKUPAN AREA : LOKAL,MOU - Sertipikat Induk,Rumah Tinggal,Indent,GREEN,LAYAK,Diterima
Case 115,KARYAWAN,"Pembelian Baru / Primary, Apartemen Tipe 22 - 70","Plafon (514,750,000 - 894,632,536)",TIDAK JOINT INCOME,TIDAK PISAH HARTA,46 - 55,"Kol 1, Tidak pernah menunggak",Rumah Tinggal (Rumah ke 1),≥ 5,MENIKAH : ≥RP 20 JUTA,>= 15%,≥ 3X ANGSURAN,≥ 100% DARI GAJI,"> 60 BULAN, ≤ 120 BULAN",>= 15%,null < 50% plafon,"Keuangan, asuransi, perbankan",Cakupan area : nasional,MOU - Sertipikat Induk,Apartemen,Sedang dibangun,YELLOW,LAYAK,Diterima
Case 116,KARYAWAN,"Pembelian Baru / Primary, Apartemen Tipe 22 - 70","Plafon (514,750,000 - 894,632,536)",TIDAK JOINT INCOME,TIDAK PISAH HARTA,21 - 35,"Kol 1, Tidak pernah menunggak",Rumah Tinggal (Rumah ke 1),≥ 5,SINGLE : ≥RP 20 JUTA,>= 15%,≥ 3X ANGSURAN,≥ 100% DARI GAJI,"> 60 BULAN, ≤ 120 BULAN",>= 15%,50% plafon <= Properti/kendaraan<= 100% plafon,Trading tekstil dan garmen,Cakupan area : nasional,MOU - Sertipikat Induk,Apartemen,Sedang dibangun,GREEN,LAYAK,Diterima
Case 117,KARYAWAN,"Pembelian Baru / Primary, Rumah Tinggal Tipe 22 - 70","Plafon (894,632,536 - 1,340,960,436)",TIDAK JOINT INCOME,TIDAK PISAH HARTA,21 - 35,"Kol 1, Tidak pernah menunggak",Rumah Tinggal (Rumah ke 1),"≥ 2, < 5",SINGLE : ≥RP 20 JUTA,>= 15%,≥ 3X ANGSURAN,≥ 100% DARI GAJI,> 120 BULAN,>= 15%,null < 50% plafon,Lainnya,Multinasional,MOU - Sertipikat Induk,Rumah Tinggal,Indent,YELLOW,LAYAK,Diterima
Case 118,KARYAWAN,"Pembelian Baru / Primary, Rumah Tinggal > Tipe 70","Plafon (> 1,340,960,436)",TIDAK JOINT INCOME,TIDAK PISAH HARTA,21 - 35,"Kol 1, Tidak pernah menunggak",Rumah Tinggal (Rumah ke 1),≥ 5,SINGLE : ≥RP 20 JUTA,>= 15%,≥ 3X ANGSURAN,≥ 100% DARI GAJI,> 120 BULAN,>= 15%,Properti/kendaraan < 50% plafon,"Keuangan, asuransi, perbankan",Cakupan area : nasional,MOU - Sertipikat Induk,Rumah Tinggal,Indent,GREEN,LAYAK,Diterima
Case 119,PENGUSAHA,"Pembelian Baru / Primary, Apartemen Tipe 22 - 70","Plafon (514,750,000 - 894,632,536)",TIDAK JOINT INCOME,TIDAK PISAH HARTA,36 - 45,"Kol 1, Tidak pernah menunggak",Rumah Tinggal (Rumah ke 1),≥ 5,SINGLE : ≥RP 10 JUTA,>= 15%,≥ 3X ANGSURAN,≥ 70% DARI OMSET,> 120 BULAN,>= 15%,Properti/kendaraan >= plafon,Lainnya,Cakupan area : nasional,MOU - Sertipikat Induk,Apartemen,Indent,GREEN,LAYAK,Diterima
Case 120,KARYAWAN,"Pembelian Baru / Primary, Apartemen Tipe 22 - 70","Plafon (< 514,750,000)",TIDAK JOINT INCOME,TIDAK PISAH HARTA,36 - 45,"Kol 1, Tidak pernah menunggak",Investasi,≥ 5,MENIKAH : ≥RP 20 JUTA,>= 15%,≥ 3X ANGSURAN,≥ 100% DARI GAJI,> 120 BULAN,>= 15%,Properti/kendaraan >= plafon,"Keuangan, asuransi, perbankan",CAKUPAN AREA : LOKAL,MOU - Sertipikat Induk,Apartemen,Sedang dibangun,GREEN,LAYAK,Diterima
Case 121,KARYAWAN,"Pembelian Baru / Primary, Apartemen Tipe 22 - 70","Plafon (< 514,750,000)",TIDAK JOINT INCOME,TIDAK PISAH HARTA,36 - 45,"Kol 1, Tidak pernah menunggak",Rumah Tinggal (Rumah ke 1),"≥ 2, < 5",MENIKAH : ≥RP 10 JUTA,>= 15%,≥ 3X ANGSURAN,≥ 100% DARI GAJI,"> 60 BULAN, ≤ 120 BULAN",>= 15%,Properti/kendaraan >= plafon,Pelayanan kesehatan,Cakupan area : nasional,MOU - Sertipikat Induk,Apartemen,Sedang dibangun,YELLOW,LAYAK,Diterima
Case 122,KARYAWAN,"Pembelian Baru / Primary, Rumah Tinggal Tipe 22 - 70","Plafon (894,632,536 - 1,340,960,436)",TIDAK JOINT INCOME,TIDAK PISAH HARTA,21 - 35,"Kol 1, Tidak pernah menunggak",Rumah Tinggal (Rumah ke 1),"≥ 2, < 5",SINGLE : ≥RP 20 JUTA,>= 15%,≥ 3X ANGSURAN,≥ 100% DARI GAJI,> 120 BULAN,>= 15%,null < 50% plafon,Lainnya,Multinasional,MOU - Sertipikat Induk,Rumah Tinggal,Indent,YELLOW,LAYAK,Diterima
Case 123,PENGUSAHA,"Pembelian Baru / Primary, Rumah Tinggal > Tipe 70","Plafon (> 1,340,960,436)",JOINT INCOME,TIDAK PISAH HARTA,46 - 55,Data Tidak Tersedia,Rumah Tinggal (Rumah ke 1),≥ 5,MENIKAH : ≥RP 20 JUTA,>= 15%,≥ 3X ANGSURAN,≥ 100% DARI OMSET,> 120 BULAN,>= 15%,null < 50% plafon,Lainnya,CAKUPAN AREA : LOKAL,MOU - Sertipikat Induk,Rumah Tinggal,Sedang dibangun,GREEN,LAYAK,Diterima
Case 124,PENGUSAHA,"Pembelian Baru / Primary, Rumah Tinggal > Tipe 70","Plafon (> 1,340,960,436)",TIDAK JOINT INCOME,TIDAK PISAH HARTA,21 - 35,"Kol 1, Tidak pernah menunggak",Rumah Tinggal (Rumah ke 1),≥ 5,SINGLE : ≥RP 20 JUTA,>= 15%,"≥ 1X ANGSURAN, < 3X ANGSURAN",≥ 100% DARI OMSET,> 120 BULAN,>= 15%,null < 50% plafon,Lainnya,CAKUPAN AREA : LOKAL,MOU - Sertipikat Induk,Rumah Tinggal,Indent,GREEN,LAYAK,Diterima
Case 125,KARYAWAN,"Pembelian Baru / Primary, Rumah Tinggal > Tipe 70","Plafon (514,750,000 - 894,632,536)",TIDAK JOINT INCOME,TIDAK PISAH HARTA,36 - 45,"Kol 1, Tidak pernah menunggak",Rumah Tinggal (Rumah ke 1),"≥ 2, < 5",MENIKAH : ≥RP 20 JUTA,>= 15%,≥ 3X ANGSURAN,≥ 100% DARI GAJI,> 120 BULAN,>= 15%,null < 50% plafon,"Keuangan, asuransi, perbankan",Public listed,MOU - Sertipikat Induk,Rumah Tinggal,Indent,GREEN,LAYAK,Diterima
Case 126,KARYAWAN,"Pembelian Baru / Primary, Rumah Tinggal Tipe 22 - 70","Plafon (894,632,536 - 1,340,960,436)",TIDAK JOINT INCOME,TIDAK PISAH HARTA,36 - 45,"Kol 1, Pernah Kol 2 (sampai dengan 30 hari, tidak lebih dari 2 kali) dalam 1 tahun terakhir",Rumah Tinggal (Rumah ke 1),"≥ 2, < 5",SINGLE : ≥RP 20 JUTA,>= 15%,"≥ 1X ANGSURAN, < 3X ANGSURAN",≥ 100% DARI GAJI,> 120 BULAN,>= 15%,null < 50% plafon,"Keuangan, asuransi, perbankan",CAKUPAN AREA : LOKAL,MOU - Sertipikat Induk,Rumah Tinggal,Sedang dibangun,YELLOW,LAYAK,Diterima
Case 127,KARYAWAN,"Pembelian Baru / Primary, Rumah Tinggal Tipe 22 - 70","Plafon (> 1,340,960,436)",TIDAK JOINT INCOME,TIDAK PISAH HARTA,21 - 35,Data Tidak Tersedia,Rumah Tinggal (Rumah ke 1),"≥ 2, < 5",MENIKAH : ≥RP 20 JUTA,>= 15%,"≥ 1X ANGSURAN, < 3X ANGSURAN",≥ 100% DARI GAJI,> 120 BULAN,>= 15%,50% plafon <= Properti/kendaraan<= 100% plafon,Perdagangan / distribusi / eksport-import kebutuhan pokok,Multinasional,MOU - Sertipikat Induk,Rumah Tinggal,Indent,GREEN,LAYAK,Diterima
Case 128,KARYAWAN,"Pembelian Baru / Primary, Rumah Tinggal Tipe 22 - 70","Plafon (894,632,536 - 1,340,960,436)",TIDAK JOINT INCOME,TIDAK PISAH HARTA,21 - 35,"Kol 1, Tidak pernah menunggak",Rumah Tinggal (Rumah ke 1),≥ 5,SINGLE : ≥RP 20 JUTA,>= 15%,≥ 3X ANGSURAN,≥ 100% DARI GAJI,> 120 BULAN,>= 15%,null < 50% plafon,Lainnya,Cakupan area : nasional,MOU - Sertipikat Induk,Apartemen,Indent,YELLOW,LAYAK,Diterima
Case 129,KARYAWAN,"Pembelian Baru / Primary, Rumah Tinggal > Tipe 70","Plafon (894,632,536 - 1,340,960,436)",TIDAK JOINT INCOME,PISAH HARTA,36 - 45,Data Tidak Tersedia,Rumah Tinggal (Rumah ke 1),"≥ 2, < 5","SINGLE : ≥RP 10 JUTA,  <RP 20 JUTA",>= 15%,≥ 3X ANGSURAN,≥ 100% DARI GAJI,> 120 BULAN,>= 15%,Properti/kendaraan < 50% plafon,Perdagangan / distribusi / eksport-import kebutuhan pokok,Cakupan area : nasional,MOU - Sertipikat Induk,Rumah Tinggal,Indent,YELLOW,LAYAK,Diterima
Case 130,PENGUSAHA,"Pembelian Baru / Primary, Rumah Tinggal > Tipe 70","Plafon (> 1,340,960,436)",TIDAK JOINT INCOME,TIDAK PISAH HARTA,46 - 55,"Kol 1, Tidak pernah menunggak",RUMAH TINGGAL (RUMAH KE 2/3),≥ 5,SINGLE : ≥RP 20 JUTA,>= 15%,"≥ 1X ANGSURAN, < 3X ANGSURAN",< 50% DARI OMZET,> 120 BULAN,>= 15%,null < 50% plafon,"Farmasi, kosmetik dan alat kedokteran",CAKUPAN AREA : LOKAL,MOU - Sertipikat Induk,Rumah Tinggal,Indent,YELLOW,LAYAK,Diterima
Case 131,KARYAWAN,"Pembelian Baru / Primary, Apartemen < Tipe 22","Plafon (< 514,750,000)",JOINT INCOME,TIDAK PISAH HARTA,36 - 45,"Kol 1, Tidak pernah menunggak",Rumah Tinggal (Rumah ke 1),≥ 5,MENIKAH : ≥RP 20 JUTA,>= 15%,"≥ 1X ANGSURAN, < 3X ANGSURAN",≥ 100% DARI GAJI,"> 60 BULAN, ≤ 120 BULAN",>= 15%,50% plafon <= Properti/kendaraan<= 100% plafon,Pendidikan,Cakupan area : nasional,MOU - Sertipikat Induk,Apartemen,Indent,GREEN,LAYAK,Diterima
Case 132,KARYAWAN,"Pembelian Baru / Primary, Apartemen Tipe 22 - 70","Plafon (514,750,000 - 894,632,536)",TIDAK JOINT INCOME,TIDAK PISAH HARTA,21 - 35,Data Tidak Tersedia,Rumah Tinggal (Rumah ke 1),"≥ 2, < 5","SINGLE : ≥RP 10 JUTA,  <RP 20 JUTA",>= 15%,≥ 3X ANGSURAN,≥ 100% DARI GAJI,> 120 BULAN,>= 15%,null < 50% plafon,Perdagangan / distribusi / eksport-import kebutuhan pokok,Cakupan area : nasional,MOU - Sertipikat Induk,Apartemen,Indent,GREEN,LAYAK,Diterima
Case 133,PENGUSAHA,"Pembelian Baru / Primary, Rumah Tinggal > Tipe 70","Plafon (894,632,536 - 1,340,960,436)",JOINT INCOME,TIDAK PISAH HARTA,21 - 35,Data Tidak Tersedia,RUMAH TINGGAL (RUMAH KE 2/3),≥ 5,MENIKAH : ≥RP 20 JUTA,>= 15%,≥ 3X ANGSURAN,"≥ 70%, < 100% DARI OMZET",> 120 BULAN,>= 15%,DEPOSITO/INVES/EMAS ≥ plafon,Perdagangan / distribusi / eksport-import kebutuhan pokok,Cakupan area : nasional,MOU - Sertipikat Pecah,Rumah Tinggal,Sedang dibangun,YELLOW,LAYAK,Diterima
Case 134,KARYAWAN,"Pembelian Baru / Primary, Apartemen Tipe 22 - 70","Plafon (894,632,536 - 1,340,960,436)",TIDAK JOINT INCOME,TIDAK PISAH HARTA,21 - 35,"Kol 1, Tidak pernah menunggak",Rumah Tinggal (Rumah ke 1),≥ 5,"MENIKAH : ≥RP 10 JUTA,  <RP 20 JUTA",>= 15%,≥ 3X ANGSURAN,≥ 100% DARI GAJI,> 120 BULAN,>= 15%,null < 50% plafon,Transportasi dan otomotif,Multinasional,MOU - Sertipikat Induk,Apartemen,Sedang dibangun,YELLOW,LAYAK,Diterima
Case 135,PENGUSAHA,"Pembelian Baru / Primary, Rumah Tinggal > Tipe 70","Plafon (> 1,340,960,436)",TIDAK JOINT INCOME,TIDAK PISAH HARTA,21 - 35,"Kol 1, Tidak pernah menunggak",Rumah Tinggal (Rumah ke 1),≥ 5,MENIKAH : ≥RP 20 JUTA,>= 15%,≥ 3X ANGSURAN,≥ 100% DARI OMSET,> 120 BULAN,>= 15%,null < 50% plafon,Lainnya,CAKUPAN AREA : LOKAL,"SHM, SERTIPIKAT PECAH",Rumah Tinggal,Indent,YELLOW,LAYAK,Diterima
Case 136,PENGUSAHA,"Pembelian Baru / Primary, Rumah Tinggal > Tipe 70","Plafon (894,632,536 - 1,340,960,436)",JOINT INCOME,TIDAK PISAH HARTA,21 - 35,Data Tidak Tersedia,RUMAH TINGGAL (RUMAH KE 2/3),≥ 5,MENIKAH : ≥RP 20 JUTA,>= 15%,≥ 3X ANGSURAN,"≥ 70%, < 100% DARI OMZET",> 120 BULAN,>= 15%,DEPOSITO/INVES/EMAS ≥ plafon,Perdagangan / distribusi / eksport-import kebutuhan pokok,Cakupan area : nasional,MOU - Sertipikat Pecah,Rumah Tinggal,Sedang dibangun,YELLOW,LAYAK,Diterima
Case 137,KARYAWAN,"Pembelian Baru / Primary, Apartemen Tipe 22 - 70","Plafon (514,750,000 - 894,632,536)",TIDAK JOINT INCOME,TIDAK PISAH HARTA,21 - 35,"Kol 1, Tidak pernah menunggak",Rumah Tinggal (Rumah ke 1),"≥ 2, < 5","SINGLE : ≥RP 6 JUTA, < RP. 10 JUTA",>= 15%,"≥ 1X ANGSURAN, < 3X ANGSURAN",≥ 100% DARI GAJI,> 120 BULAN,>= 15%,null < 50% plafon,Lainnya,Cakupan area : nasional,MOU - Sertipikat Induk,Apartemen,Indent,YELLOW,LAYAK,Diterima
Case 138,KARYAWAN,"Pembelian Baru / Primary, Apartemen Tipe 22 - 70","Plafon (< 514,750,000)",TIDAK JOINT INCOME,TIDAK PISAH HARTA,21 - 35,"Kol 1, Tidak pernah menunggak",Investasi,"≥ 2, < 5",SINGLE : ≥RP 20 JUTA,>= 15%,≥ 3X ANGSURAN,≥ 100% DARI GAJI,> 120 BULAN,>= 15%,Properti/kendaraan >= plafon,"Keuangan, asuransi, perbankan",Cakupan area : nasional,MOU - Sertipikat Induk,Apartemen,Indent,YELLOW,LAYAK,Diterima
Case 139,KARYAWAN,"Pembelian Baru / Primary, Rumah Tinggal Tipe 22 - 70","Plafon (894,632,536 - 1,340,960,436)",TIDAK JOINT INCOME,TIDAK PISAH HARTA,21 - 35,"Kol 1, Tidak pernah menunggak",Rumah Tinggal (Rumah ke 1),"≥ 2, < 5","SINGLE : ≥RP 10 JUTA,  <RP 20 JUTA",>= 15%,"≥ 1X ANGSURAN, < 3X ANGSURAN",≥ 100% DARI GAJI,> 120 BULAN,>= 15%,null < 50% plafon,Perdagangan / distribusi / eksport-import kebutuhan pokok,Cakupan area : nasional,MOU - Sertipikat Induk,Rumah Tinggal,Sedang dibangun,YELLOW,LAYAK,Diterima
Case 140,KARYAWAN,"Pembelian Baru / Primary, Apartemen Tipe 22 - 70","Plafon (894,632,536 - 1,340,960,436)",TIDAK JOINT INCOME,TIDAK PISAH HARTA,21 - 35,"Kol 1, Tidak pernah menunggak",Rumah Tinggal (Rumah ke 1),"≥ 2, < 5","SINGLE : ≥RP 10 JUTA,  <RP 20 JUTA",>= 15%,≥ 3X ANGSURAN,≥ 100% DARI GAJI,> 120 BULAN,>= 15%,null < 50% plafon,"Farmasi, kosmetik dan alat kedokteran",Cakupan area : nasional,MOU - Sertipikat Induk,Apartemen,Indent,YELLOW,LAYAK,Diterima
Case 141,KARYAWAN,"Pembelian Baru / Primary, Rumah Tinggal Tipe 22 - 70","Plafon (> 1,340,960,436)",TIDAK JOINT INCOME,TIDAK PISAH HARTA,21 - 35,Data Tidak Tersedia,Rumah Tinggal (Rumah ke 1),"≥ 2, < 5",MENIKAH : ≥RP 20 JUTA,>= 15%,"≥ 1X ANGSURAN, < 3X ANGSURAN",≥ 100% DARI GAJI,> 120 BULAN,>= 15%,50% plafon <= Properti/kendaraan<= 100% plafon,Perdagangan / distribusi / eksport-import kebutuhan pokok,Multinasional,MOU - Sertipikat Induk,Rumah Tinggal,Indent,GREEN,LAYAK,Diterima
Case 142,KARYAWAN,"Pembelian Baru / Primary, Rumah Tinggal > Tipe 70","Plafon (> 1,340,960,436)",TIDAK JOINT INCOME,TIDAK PISAH HARTA,36 - 45,Data Tidak Tersedia,Rumah Tinggal (Rumah ke 1),≥ 5,SINGLE : ≥RP 20 JUTA,>= 15%,≥ 3X ANGSURAN,≥ 100% DARI GAJI,> 120 BULAN,>= 15%,50% plafon <= Properti/kendaraan<= 100% plafon,Lainnya,Cakupan area : nasional,MOU - Sertipikat Induk,Rumah Tinggal,Sedang dibangun,GREEN,LAYAK,Diterima
Case 143,KARYAWAN,"Pembelian Baru / Primary, Rumah Tinggal > Tipe 70","Plafon (894,632,536 - 1,340,960,436)",TIDAK JOINT INCOME,PISAH HARTA,36 - 45,Data Tidak Tersedia,Rumah Tinggal (Rumah ke 1),< 2,"SINGLE : ≥RP 10 JUTA,  <RP 20 JUTA",>= 15%,≥ 3X ANGSURAN,≥ 100% DARI GAJI,> 120 BULAN,>= 15%,Properti/kendaraan < 50% plafon,Perdagangan / distribusi / eksport-import kebutuhan pokok,Cakupan area : nasional,MOU - Sertipikat Induk,Rumah Tinggal,Indent,YELLOW,LAYAK,Diterima
Case 144,KARYAWAN,"Pembelian Baru / Primary, Apartemen Tipe 22 - 70","Plafon (< 514,750,000)",TIDAK JOINT INCOME,TIDAK PISAH HARTA,21 - 35,"Kol 1, Tidak pernah menunggak",Rumah Tinggal (Rumah ke 1),"≥ 2, < 5",SINGLE : ≥RP 20 JUTA,>= 15%,≥ 3X ANGSURAN,≥ 100% DARI GAJI,> 120 BULAN,>= 15%,50% plafon <= Properti/kendaraan<= 100% plafon,Lainnya,CAKUPAN AREA : LOKAL,MOU - Sertipikat Induk,Apartemen,Sedang dibangun,GREEN,LAYAK,Diterima
Case 145,PENGUSAHA,"Pembelian Baru / Primary, Rumah Tinggal > Tipe 70","Plafon (> 1,340,960,436)",TIDAK JOINT INCOME,TIDAK PISAH HARTA,46 - 55,"Kol 1, Tidak pernah menunggak",RUMAH TINGGAL (RUMAH KE 2/3),≥ 5,SINGLE : ≥RP 20 JUTA,>= 15%,"≥ 1X ANGSURAN, < 3X ANGSURAN",< 50% DARI OMZET,> 120 BULAN,>= 15%,null < 50% plafon,"Farmasi, kosmetik dan alat kedokteran",CAKUPAN AREA : LOKAL,MOU - Sertipikat Induk,Rumah Tinggal,Indent,YELLOW,LAYAK,Diterima
Case 146,KARYAWAN,"Pembelian Baru / Primary, Apartemen Tipe 22 - 70","Plafon (514,750,000 - 894,632,536)",TIDAK JOINT INCOME,TIDAK PISAH HARTA,21 - 35,Data Tidak Tersedia,Rumah Tinggal (Rumah ke 1),"≥ 2, < 5","SINGLE : ≥RP 10 JUTA,  <RP 20 JUTA",>= 15%,≥ 3X ANGSURAN,≥ 100% DARI GAJI,> 120 BULAN,>= 15%,null < 50% plafon,Perdagangan / distribusi / eksport-import kebutuhan pokok,Cakupan area : nasional,MOU - Sertipikat Induk,Apartemen,Indent,GREEN,LAYAK,Diterima
Case 147,KARYAWAN,"Pembelian Baru / Primary, Rumah Tinggal > Tipe 70","Plafon (> 1,340,960,436)",TIDAK JOINT INCOME,TIDAK PISAH HARTA,36 - 45,"Kol 1, Tidak pernah menunggak",Rumah Tinggal (Rumah ke 1),≥ 5,SINGLE : ≥RP 20 JUTA,>= 15%,≥ 3X ANGSURAN,≥ 100% DARI GAJI,> 120 BULAN,>= 15%,50% plafon <= Properti/kendaraan<= 100% plafon,Lainnya,Cakupan area : nasional,MOU - Sertipikat Induk,Rumah Tinggal,Sedang dibangun,GREEN,LAYAK,Diterima
Case 148,KARYAWAN,"Pembelian Baru / Primary, Apartemen < Tipe 22","Plafon (< 514,750,000)",JOINT INCOME,TIDAK PISAH HARTA,36 - 45,"Kol 1, Tidak pernah menunggak",Rumah Tinggal (Rumah ke 1),≥ 5,MENIKAH : ≥RP 20 JUTA,>= 15%,"≥ 1X ANGSURAN, < 3X ANGSURAN",≥ 100% DARI GAJI,"> 60 BULAN, ≤ 120 BULAN",>= 15%,50% plafon <= Properti/kendaraan<= 100% plafon,Pendidikan,Cakupan area : nasional,MOU - Sertipikat Induk,Apartemen,Indent,GREEN,LAYAK,Diterima
Case 149,PENGUSAHA,"Pembelian Baru / Primary, Rumah Tinggal > Tipe 70","Plafon (894,632,536 - 1,340,960,436)",JOINT INCOME,TIDAK PISAH HARTA,21 - 35,Data Tidak Tersedia,RUMAH TINGGAL (RUMAH KE 2/3),≥ 5,MENIKAH : ≥RP 20 JUTA,>= 15%,≥ 3X ANGSURAN,"≥ 70%, < 100% DARI OMZET",> 120 BULAN,>= 15%,DEPOSITO/INVES/EMAS < 50% plafon,Perdagangan / distribusi / eksport-import kebutuhan pokok,Cakupan area : nasional,MOU - Sertipikat Pecah,Rumah Tinggal,Sedang dibangun,YELLOW,LAYAK,Diterima
Case 150,KARYAWAN,"Pembelian Baru / Primary, Apartemen Tipe 22 - 70","Plafon (514,750,000 - 894,632,536)",TIDAK JOINT INCOME,TIDAK PISAH HARTA,21 - 35,"Kol 1, Tidak pernah menunggak",Rumah Tinggal (Rumah ke 1),"≥ 2, < 5","SINGLE : ≥RP 6 JUTA, < RP. 10 JUTA",>= 15%,"≥ 1X ANGSURAN, < 3X ANGSURAN",≥ 100% DARI GAJI,> 120 BULAN,>= 15%,null < 50% plafon,Lainnya,Cakupan area : nasional,MOU - Sertipikat Induk,Apartemen,Indent,YELLOW,LAYAK,Diterima
Case 151,KARYAWAN,"Pembelian Baru / Primary, Rumah Tinggal Tipe 22 - 70","Plafon (> 1,340,960,436)",TIDAK JOINT INCOME,TIDAK PISAH HARTA,21 - 35,Data Tidak Tersedia,Rumah Tinggal (Rumah ke 1),"≥ 2, < 5",MENIKAH : ≥RP 20 JUTA,>= 15%,"≥ 1X ANGSURAN, < 3X ANGSURAN",≥ 100% DARI GAJI,> 120 BULAN,>= 15%,50% plafon <= Properti/kendaraan<= 100% plafon,Perdagangan / distribusi / eksport-import kebutuhan pokok,Multinasional,MOU - Sertipikat Induk,Rumah Tinggal,Indent,GREEN,TIDAK,Ditolak
Case 152,KARYAWAN,"Pembelian Baru / Primary, Apartemen Tipe 22 - 70","Plafon (894,632,536 - 1,340,960,436)",TIDAK JOINT INCOME,TIDAK PISAH HARTA,36 - 45,"Kol 1, Pernah Kol 2 (30 s.d 60 hari & lebih dari 2 kali) dalam 1 tahun terakhir",Rumah Tinggal (Rumah ke 1),≥ 5,SINGLE : ≥RP 20 JUTA,>= 15%,≥ 3X ANGSURAN,≥ 100% DARI GAJI,> 120 BULAN,>= 15%,null < 50% plafon,Lainnya,Cakupan area : nasional,MOU - Sertipikat Induk,Apartemen,Indent,YELLOW,TIDAK,Ditolak
Case 153,KARYAWAN,"Pembelian Baru / Primary, Rumah Tinggal > Tipe 70","Plafon (894,632,536 - 1,340,960,436)",TIDAK JOINT INCOME,TIDAK PISAH HARTA,46 - 55,"Kol 1, Tidak pernah menunggak",Rumah Tinggal (Rumah ke 1),< 2,"MENIKAH : ≥RP 10 JUTA,  <RP 20 JUTA",>= 15%,≥ 3X ANGSURAN,≥ 100% DARI GAJI,> 120 BULAN,>= 15%,Properti/kendaraan < 50% plafon,Perdagangan / distribusi / eksport-import kebutuhan pokok,Cakupan area : nasional,MOU - Sertipikat Induk,Rumah Tinggal,Indent,YELLOW,TIDAK,Ditolak
Case 154,KARYAWAN,"Pembelian Baru / Primary, Rumah Tinggal Tipe 22 - 70","Plafon (< 514,750,000)",TIDAK JOINT INCOME,TIDAK PISAH HARTA,21 - 35,"Kol 1, Tidak pernah menunggak",Rumah Tinggal (Rumah ke 1),"≥ 2, < 5","SINGLE : ≥RP 6 JUTA, < RP. 10 JUTA",< 15%,≥ 3X ANGSURAN,≥ 100% DARI GAJI,> 120 BULAN,< 15%,Properti/kendaraan < 50% plafon,Lainnya,CAKUPAN AREA : LOKAL,MOU - Sertipikat Induk,Rumah Tinggal,Sedang dibangun,RED,LAYAK,Ditolak
Case 155,KARYAWAN,"Pembelian Baru / Primary, Rumah Tinggal Tipe 22 - 70","Plafon (894,632,536 - 1,340,960,436)",TIDAK JOINT INCOME,TIDAK PISAH HARTA,21 - 35,"Kol 1, Pernah Kol 2 (tidak lebih dari 30 hari) dalam 1 tahun terakhir",Rumah Tinggal (Rumah ke 1),"≥ 2, < 5","MENIKAH : ≥RP 10 JUTA,  <RP 20 JUTA",< 15%,≥ 3X ANGSURAN,≥ 100% DARI GAJI,> 120 BULAN,< 15%,Properti/kendaraan < 50% plafon,Lainnya,Cakupan area : nasional,MOU - Sertipikat Induk,Rumah Tinggal,Sedang dibangun,RED,LAYAK,Ditolak
Case 156,KARYAWAN,"Pembelian Baru / Primary, Apartemen Tipe 22 - 70","Plafon (894,632,536 - 1,340,960,436)",TIDAK JOINT INCOME,TIDAK PISAH HARTA,21 - 35,"Kol 1, Tidak pernah menunggak",Rumah Tinggal (Rumah ke 1),"≥ 2, < 5",SINGLE : ≥RP 20 JUTA,>= 15%,≥ 3X ANGSURAN,≥ 100% DARI GAJI,> 120 BULAN,>= 15%,null < 50% plafon,KONTRAKTOR/KONSULTAN/ARSITEK,Multinasional,MOU - Sertipikat Induk,Apartemen,Indent,GREEN,TIDAK,Ditolak
Case 157,KARYAWAN,"Pembelian Baru / Primary, Rumah Tinggal > Tipe 70","Plafon (> 1,340,960,436)",TIDAK JOINT INCOME,TIDAK PISAH HARTA,36 - 45,"Kol 1, Pernah Kol 2 (tidak lebih dari 30 hari) dalam 1 tahun terakhir",Rumah Tinggal (Rumah ke 1),≥ 5,SINGLE : ≥RP 20 JUTA,>= 15%,≥ 3X ANGSURAN,≥ 100% DARI GAJI,> 120 BULAN,>= 15%,50% plafon <= Properti/kendaraan<= 100% plafon,Lainnya,Cakupan area : nasional,MOU - Sertipikat Induk,Rumah Tinggal,Sedang dibangun,GREEN,TIDAK,Ditolak
Case 158,KARYAWAN,"Pembelian Baru / Primary, Apartemen Tipe 22 - 70","Plafon (< 514,750,000)",TIDAK JOINT INCOME,TIDAK PISAH HARTA,21 - 35,"Kol 1, Tidak pernah menunggak",Rumah Tinggal (Rumah ke 1),"≥ 2, < 5",SINGLE : ≥RP 20 JUTA,>= 15%,≥ 3X ANGSURAN,≥ 100% DARI GAJI,> 120 BULAN,>= 15%,50% plafon <= Properti/kendaraan<= 100% plafon,Lainnya,CAKUPAN AREA : LOKAL,MOU - Sertipikat Induk,Apartemen,Sedang dibangun,GREEN,TIDAK,Ditolak
Case 159,KARYAWAN,"Pembelian Baru / Primary, Rumah Tinggal Tipe 22 - 70","Plafon (514,750,000 - 894,632,536)",TIDAK JOINT INCOME,TIDAK PISAH HARTA,21 - 35,Data Tidak Tersedia,Rumah Tinggal (Rumah ke 1),"≥ 2, < 5","SINGLE : ≥RP 10 JUTA,  <RP 20 JUTA",>= 15%,≥ 3X ANGSURAN,≥ 100% DARI GAJI,> 120 BULAN,>= 15%,Properti/kendaraan < 50% plafon,Lainnya,CAKUPAN AREA : LOKAL,MOU - Sertipikat Induk,Rumah Tinggal,Sedang dibangun,GREEN,TIDAK,Ditolak
Case 160,KARYAWAN,"Pembelian Baru / Primary, Apartemen < Tipe 22","Plafon (< 514,750,000)",TIDAK JOINT INCOME,TIDAK PISAH HARTA,36 - 45,"Kol 1, Pernah Kol 2 (tidak lebih dari 30 hari) dalam 1 tahun terakhir",Rumah Tinggal (Rumah ke 1),"≥ 2, < 5","MENIKAH : ≥RP 10 JUTA,  <RP 20 JUTA",>= 15%,≥ 3X ANGSURAN,≥ 100% DARI GAJI,"> 60 BULAN, ≤ 120 BULAN",>= 15%,Properti/kendaraan >= plafon,Lainnya,Multinasional,MOU - Sertipikat Induk,Apartemen,Sedang dibangun,GREEN,TIDAK,Ditolak
Case 161,PENGUSAHA,"Pembelian Baru / Primary, Apartemen Tipe 22 - 70","Plafon (514,750,000 - 894,632,536)",TIDAK JOINT INCOME,TIDAK PISAH HARTA,56 - 65,"Kol 1, Tidak pernah menunggak",Investasi,≥ 5,MENIKAH : ≥RP 20 JUTA,>= 15%,≥ 3X ANGSURAN,"≥ 70%, < 100% DARI OMZET","> 60 BULAN, ≤ 120 BULAN",>= 15%,Properti/kendaraan >= plafon,Lainnya,CAKUPAN AREA : LOKAL,MOU - Sertipikat Induk,Apartemen,Indent,GREEN,TIDAK,Ditolak
Case 162,PENGUSAHA,"Pembelian Baru / Primary, Rumah Tinggal > Tipe 70","Plafon (> 1,340,960,436)",TIDAK JOINT INCOME,TIDAK PISAH HARTA,46 - 55,"Kol 1, Tidak pernah menunggak",RUMAH TINGGAL (RUMAH KE 2/3),≥ 5,MENIKAH : ≥RP 20 JUTA,>= 15%,≥ 3X ANGSURAN,"≥ 70%, < 100% DARI OMZET","> 60 BULAN, ≤ 120 BULAN",>= 15%,50% plafon <= Properti/kendaraan<= 100% plafon,Transportasi dan otomotif,CAKUPAN AREA : LOKAL,MOU - Sertipikat Induk,Rumah Tinggal,Indent,GREEN,TIDAK,Ditolak
Case 163,KARYAWAN,"Pembelian Baru / Primary, Rumah Tinggal > Tipe 70","Plafon (894,632,536 - 1,340,960,436)",TIDAK JOINT INCOME,TIDAK PISAH HARTA,21 - 35,"Kol 1, Tidak pernah menunggak",Rumah Tinggal (Rumah ke 1),"≥ 2, < 5",MENIKAH : ≥RP 20 JUTA,>= 15%,"≥ 1X ANGSURAN, < 3X ANGSURAN",≥ 100% DARI GAJI,> 120 BULAN,>= 15%,Properti/kendaraan < 50% plafon,Lainnya,Cakupan area : nasional,MOU - Sertipikat Induk,Rumah Tinggal,Sedang dibangun,GREEN,TIDAK,Ditolak
Case 164,KARYAWAN,"Pembelian Baru / Primary, Rumah Tinggal Tipe 22 - 70","Plafon (514,750,000 - 894,632,536)",JOINT INCOME,TIDAK PISAH HARTA,21 - 35,"Kol 1, Tidak pernah menunggak",Rumah Tinggal (Rumah ke 1),≥ 5,MENIKAH : ≥RP 20 JUTA,>= 15%,"≥ 1X ANGSURAN, < 3X ANGSURAN",≥ 100% DARI GAJI,> 120 BULAN,>= 15%,DEPOSITO/INVES/EMAS < 50% plafon,Lainnya,CAKUPAN AREA : LOKAL,"SHGB, SERTIPIKAT PECAH",Rumah Tinggal,Indent,GREEN,TIDAK,Ditolak
Case 165,PENGUSAHA,"Pembelian Baru / Primary, Rumah Tinggal Tipe 22 - 70","Plafon (514,750,000 - 894,632,536)",JOINT INCOME,TIDAK PISAH HARTA,46 - 55,"Kol 1, Tidak pernah menunggak",Rumah Tinggal (Rumah ke 1),"≥ 2, < 5",MENIKAH : ≥RP 20 JUTA,< 15%,≥ 3X ANGSURAN,≥ 100% DARI OMSET,"> 60 BULAN, ≤ 120 BULAN",< 15%,null < 50% plafon,Perdagangan / distribusi / eksport-import kebutuhan pokok,Multinasional,"SHM, SERTIPIKAT PECAH",Rumah Tinggal,Indent,RED,TIDAK,Ditolak
Case 166,PENGUSAHA,"Pembelian Baru / Primary, Apartemen Tipe 22 - 70","Plafon (514,750,000 - 894,632,536)",TIDAK JOINT INCOME,TIDAK PISAH HARTA,46 - 55,"Kol 1, Pernah Kol 2 (tidak lebih dari 30 hari) dalam 1 tahun terakhir",Investasi,≥ 5,MENIKAH : ≥RP 20 JUTA,>= 15%,≥ 3X ANGSURAN,≥ 100% DARI OMSET,"> 60 BULAN, ≤ 120 BULAN",>= 15%,Properti/kendaraan >= plafon,Lainnya,CAKUPAN AREA : LOKAL,MOU - Sertipikat Induk,Apartemen,Indent,GREEN,TIDAK,Ditolak
Case 167,PENGUSAHA,"Pembelian Baru / Primary, Rumah Tinggal Tipe 22 - 70","Plafon (894,632,536 - 1,340,960,436)",JOINT INCOME,TIDAK PISAH HARTA,36 - 45,"Kol 1, Pernah Kol 2 (tidak lebih dari 30 hari) dalam 1 tahun terakhir",RUMAH TINGGAL (RUMAH KE 2/3),"≥ 2, < 5",MENIKAH : ≥RP 20 JUTA,>= 15%,≥ 3X ANGSURAN,≥ 100% DARI OMSET,"> 60 BULAN, ≤ 120 BULAN",>= 15%,DEPOSITO/INVES/EMAS < 50% plafon,Lainnya,CAKUPAN AREA : LOKAL,MOU - Sertipikat Induk,Rumah Tinggal,Indent,GREEN,LAYAK,Ditolak
Case 168,PENGUSAHA,"Pembelian Baru / Primary, Rumah Tinggal > Tipe 70","Plafon (514,750,000 - 894,632,536)",TIDAK JOINT INCOME,TIDAK PISAH HARTA,56 - 65,"Kol 1, Tidak pernah menunggak",RUMAH TINGGAL (RUMAH KE 2/3),≥ 5,MENIKAH : ≥RP 20 JUTA,< 15%,"≥ 1X ANGSURAN, < 3X ANGSURAN",< 50% DARI OMZET,"> 60 BULAN, ≤ 120 BULAN",< 15%,Properti/kendaraan >= plafon,Lainnya,CAKUPAN AREA : LOKAL,MOU - Sertipikat Induk,Rumah Tinggal,Sedang dibangun,RED,TIDAK,Ditolak
Case 169,KARYAWAN,"Pembelian Baru / Primary, Apartemen > Tipe 70","Plafon (894,632,536 - 1,340,960,436)",TIDAK JOINT INCOME,TIDAK PISAH HARTA,36 - 45,"Kol 1, Tidak pernah menunggak",Rumah Tinggal (Rumah ke 1),"≥ 2, < 5",SINGLE : ≥RP 20 JUTA,>= 15%,≥ 3X ANGSURAN,≥ 100% DARI GAJI,> 120 BULAN,>= 15%,50% plafon <= Properti/kendaraan<= 100% plafon,Lainnya,CAKUPAN AREA : LOKAL,MOU - Sertipikat Induk,Apartemen,Sedang dibangun,GREEN,TIDAK,Ditolak
Case 170,KARYAWAN,"Pembelian Baru / Primary, Rumah Tinggal Tipe 22 - 70","Plafon (894,632,536 - 1,340,960,436)",JOINT INCOME,TIDAK PISAH HARTA,36 - 45,Data Tidak Tersedia,RUMAH TINGGAL (RUMAH KE 2/3),≥ 5,MENIKAH : ≥RP 20 JUTA,>= 15%,"≥ 1X ANGSURAN, < 3X ANGSURAN",≥ 100% DARI GAJI,> 120 BULAN,>= 15%,null < 50% plafon,KONTRAKTOR/KONSULTAN/ARSITEK,CAKUPAN AREA : LOKAL,MOU - Sertipikat Induk,Rumah Tinggal,Indent,GREEN,TIDAK,Ditolak
Case 171,PENGUSAHA,"Pembelian Baru / Primary, Apartemen Tipe 22 - 70","Plafon (514,750,000 - 894,632,536)",TIDAK JOINT INCOME,TIDAK PISAH HARTA,56 - 65,"Kol 1, Tidak pernah menunggak",Rumah Tinggal (Rumah ke 1),≥ 5,MENIKAH : ≥RP 20 JUTA,< 15%,≥ 3X ANGSURAN,≥ 100% DARI OMSET,"> 60 BULAN, ≤ 120 BULAN",< 15%,Properti/kendaraan >= plafon,Lainnya,Cakupan area : nasional,MOU - Sertipikat Induk,Apartemen,Sedang dibangun,RED,TIDAK,Ditolak
Case 172,KARYAWAN,"Pembelian Baru / Primary, Rumah Tinggal > Tipe 70","Plafon (894,632,536 - 1,340,960,436)",TIDAK JOINT INCOME,TIDAK PISAH HARTA,36 - 45,Data Tidak Tersedia,Rumah Tinggal (Rumah ke 1),"≥ 2, < 5","SINGLE : ≥RP 10 JUTA,  <RP 20 JUTA",>= 15%,≥ 3X ANGSURAN,≥ 100% DARI GAJI,> 120 BULAN,>= 15%,Properti/kendaraan < 50% plafon,Lainnya,Public listed,MOU - Sertipikat Induk,Rumah Tinggal,Indent,YELLOW,TIDAK,Ditolak
Case 173,KARYAWAN,"Pembelian Baru / Primary, Apartemen > Tipe 70","Plafon (894,632,536 - 1,340,960,436)",JOINT INCOME,TIDAK PISAH HARTA,21 - 35,"Kol 1, Tidak pernah menunggak",Rumah Tinggal (Rumah ke 1),≥ 5,MENIKAH : ≥RP 20 JUTA,>= 15%,< 1x angsuran,≥ 100% DARI GAJI,> 120 BULAN,>= 15%,DEPOSITO/INVES/EMAS < 50% plafon,Lainnya,Cakupan area : nasional,MOU - Sertipikat Induk,Apartemen,Indent,YELLOW,TIDAK,Ditolak
Case 174,KARYAWAN,"Pembelian Baru / Primary, Apartemen > Tipe 70","Plafon (> 1,340,960,436)",TIDAK JOINT INCOME,TIDAK PISAH HARTA,36 - 45,"Kol 1, Tidak pernah menunggak",Rumah Tinggal (Rumah ke 1),≥ 5,MENIKAH : ≥RP 20 JUTA,>= 15%,≥ 3X ANGSURAN,≥ 100% DARI GAJI,> 120 BULAN,>= 15%,null < 50% plafon,Lainnya,Multinasional,MOU - Sertipikat Induk,Apartemen,Sedang dibangun,GREEN,TIDAK,Ditolak
Case 175,KARYAWAN,"Pembelian Baru / Primary, Rumah Tinggal Tipe 22 - 70","Plafon (894,632,536 - 1,340,960,436)",TIDAK JOINT INCOME,TIDAK PISAH HARTA,46 - 55,"Kol 3, 4 atau 5",RUMAH TINGGAL (RUMAH KE 2/3),"≥ 2, < 5",SINGLE : ≥RP 20 JUTA,>= 15%,≥ 3X ANGSURAN,≥ 100% DARI GAJI,"> 60 BULAN, ≤ 120 BULAN",>= 15%,null < 50% plafon,KONTRAKTOR/KONSULTAN/ARSITEK,Multinasional,MOU - Sertipikat Induk,Rumah Tinggal,Sedang dibangun,RED,TIDAK,Ditolak
Case 176,PENGUSAHA,"Pembelian Baru / Primary, Apartemen Tipe 22 - 70","Plafon (514,750,000 - 894,632,536)",TIDAK JOINT INCOME,TIDAK PISAH HARTA,46 - 55,"Kol 1, Pernah Kol 2 (tidak lebih dari 30 hari) dalam 1 tahun terakhir",Investasi,≥ 5,MENIKAH : ≥RP 20 JUTA,>= 15%,≥ 3X ANGSURAN,≥ 100% DARI OMSET,"> 60 BULAN, ≤ 120 BULAN",>= 15%,Properti/kendaraan >= plafon,Lainnya,CAKUPAN AREA : LOKAL,MOU - Sertipikat Induk,Apartemen,Indent,GREEN,TIDAK,Ditolak
Case 177,PENGUSAHA,"Pembelian Baru / Primary, Rumah Tinggal Tipe 22 - 70","Plafon (894,632,536 - 1,340,960,436)",JOINT INCOME,TIDAK PISAH HARTA,36 - 45,"Kol 1, Pernah Kol 2 (tidak lebih dari 30 hari) dalam 1 tahun terakhir",RUMAH TINGGAL (RUMAH KE 2/3),"≥ 2, < 5",MENIKAH : ≥RP 20 JUTA,>= 15%,≥ 3X ANGSURAN,≥ 100% DARI OMSET,"> 60 BULAN, ≤ 120 BULAN",>= 15%,DEPOSITO/INVES/EMAS < 50% plafon,Lainnya,CAKUPAN AREA : LOKAL,MOU - Sertipikat Induk,Rumah Tinggal,Indent,GREEN,TIDAK,Ditolak
Case 178,KARYAWAN,"Pembelian Baru / Primary, Apartemen > Tipe 70","Plafon (894,632,536 - 1,340,960,436)",TIDAK JOINT INCOME,TIDAK PISAH HARTA,36 - 45,"Kol 1, Tidak pernah menunggak",Rumah Tinggal (Rumah ke 1),"≥ 2, < 5",SINGLE : ≥RP 20 JUTA,>= 15%,≥ 3X ANGSURAN,≥ 100% DARI GAJI,> 120 BULAN,>= 15%,50% plafon <= Properti/kendaraan<= 100% plafon,Lainnya,CAKUPAN AREA : LOKAL,MOU - Sertipikat Induk,Apartemen,Sedang dibangun,GREEN,TIDAK,Ditolak
Case 179,KARYAWAN,"Pembelian Baru / Primary, Rumah Tinggal Tipe 22 - 70","Plafon (894,632,536 - 1,340,960,436)",JOINT INCOME,TIDAK PISAH HARTA,36 - 45,Data Tidak Tersedia,RUMAH TINGGAL (RUMAH KE 2/3),≥ 5,MENIKAH : ≥RP 20 JUTA,>= 15%,"≥ 1X ANGSURAN, < 3X ANGSURAN",≥ 100% DARI GAJI,> 120 BULAN,>= 15%,null < 50% plafon,KONTRAKTOR/KONSULTAN/ARSITEK,CAKUPAN AREA : LOKAL,MOU - Sertipikat Induk,Rumah Tinggal,Indent,GREEN,TIDAK,Ditolak
Case 180,KARYAWAN,"Pembelian Baru / Primary, Rumah Tinggal Tipe 22 - 70","Plafon (514,750,000 - 894,632,536)",TIDAK JOINT INCOME,TIDAK PISAH HARTA,21 - 35,"Kol 1, Tidak pernah menunggak",RUMAH TINGGAL (RUMAH KE 2/3),≥ 5,"SINGLE : ≥RP 10 JUTA,  <RP 20 JUTA",< 15%,< 1x angsuran,≥ 100% DARI GAJI,> 120 BULAN,< 15%,null < 50% plafon,"Farmasi, kosmetik dan alat kedokteran",Multinasional,MOU - Sertipikat Induk,Rumah Tinggal,Indent,RED,TIDAK,Ditolak
Case 181,KARYAWAN,"Pembelian Baru / Primary, Rumah Tinggal Tipe 22 - 70","Plafon (894,632,536 - 1,340,960,436)",TIDAK JOINT INCOME,TIDAK PISAH HARTA,21 - 35,"Kol 1, Tidak pernah menunggak",Rumah Tinggal (Rumah ke 1),"≥ 2, < 5","SINGLE : ≥RP 10 JUTA,  <RP 20 JUTA",>= 15%,≥ 3X ANGSURAN,≥ 100% DARI GAJI,> 120 BULAN,>= 15%,DEPOSITO/INVES/EMAS < 50% plafon,Lainnya,Cakupan area : nasional,MOU - Sertipikat Induk,Rumah Tinggal,Sedang dibangun,GREEN,TIDAK,Ditolak
Case 182,PENGUSAHA,"Pembelian Baru / Primary, Apartemen Tipe 22 - 70","Plafon (< 514,750,000)",TIDAK JOINT INCOME,PISAH HARTA,46 - 55,"Kol 1, Tidak pernah menunggak",Rumah Tinggal (Rumah ke 1),"≥ 2, < 5",MENIKAH : ≥RP 20 JUTA,>= 15%,≥ 3X ANGSURAN,≥ 100% DARI GAJI,"> 60 BULAN, ≤ 120 BULAN",>= 15%,Properti/kendaraan >= plafon,Lainnya,CAKUPAN AREA : LOKAL,MOU - Sertipikat Induk,Apartemen,Sedang dibangun,GREEN,TIDAK,Ditolak
Case 183,KARYAWAN,"Pembelian Baru / Primary, Apartemen Tipe 22 - 70","Plafon (< 514,750,000)",TIDAK JOINT INCOME,TIDAK PISAH HARTA,36 - 45,"Kol 1, Tidak pernah menunggak",Investasi,"≥ 2, < 5",SINGLE : ≥RP 20 JUTA,>= 15%,≥ 3X ANGSURAN,≥ 100% DARI GAJI,> 120 BULAN,>= 15%,Properti/kendaraan >= plafon,Lainnya,CAKUPAN AREA : LOKAL,MOU - Sertipikat Induk,Apartemen,Sedang dibangun,GREEN,TIDAK,Ditolak
Case 184,PENGUSAHA,"Pembelian Baru / Primary, Rumah Tinggal > Tipe 70","Plafon (> 1,340,960,436)",TIDAK JOINT INCOME,TIDAK PISAH HARTA,21 - 35,"Kol 1, Pernah Kol 2 (tidak lebih dari 30 hari) dalam 1 tahun terakhir",Rumah Tinggal (Rumah ke 1),"≥ 2, < 5",MENIKAH : ≥RP 20 JUTA,>= 15%,≥ 3X ANGSURAN,"≥ 70%, < 100% DARI OMZET",> 120 BULAN,>= 15%,null < 50% plafon,Lainnya,CAKUPAN AREA : LOKAL,MOU - Sertipikat Induk,Rumah Tinggal,Indent,GREEN,TIDAK,Ditolak
Case 185,KARYAWAN,"Pembelian Baru / Primary, Apartemen Tipe 22 - 70","Plafon (514,750,000 - 894,632,536)",TIDAK JOINT INCOME,TIDAK PISAH HARTA,21 - 35,"Kol 1, Pernah Kol 3, 4 atau 5",Rumah Tinggal (Rumah ke 1),"≥ 2, < 5",SINGLE : ≥RP 20 JUTA,>= 15%,≥ 3X ANGSURAN,≥ 100% DARI GAJI,> 120 BULAN,>= 15%,Properti/kendaraan < 50% plafon,Lainnya,CAKUPAN AREA : LOKAL,MOU - Sertipikat Induk,Apartemen,Sedang dibangun,GREEN,LAYAK,Ditolak
Case 186,KARYAWAN,"Pembelian Baru / Primary, Apartemen < Tipe 22","Plafon (< 514,750,000)",TIDAK JOINT INCOME,TIDAK PISAH HARTA,46 - 55,"Kol 3, 4 atau 5",Rumah Tinggal (Rumah ke 1),"≥ 2, < 5","MENIKAH : ≥RP 10 JUTA,  <RP 20 JUTA",< 15%,≥ 3X ANGSURAN,≥ 100% DARI GAJI,"> 60 BULAN, ≤ 120 BULAN",< 15%,Properti/kendaraan >= plafon,Lainnya,CAKUPAN AREA : LOKAL,MOU - Sertipikat Induk,Apartemen,Sedang dibangun,RED,LAYAK,Ditolak
Case 187,KARYAWAN,"Pembelian Baru / Primary, Rumah Tinggal > Tipe 70","Plafon (514,750,000 - 894,632,536)",TIDAK JOINT INCOME,TIDAK PISAH HARTA,21 - 35,Data Tidak Tersedia,Rumah Tinggal (Rumah ke 1),"≥ 2, < 5","SINGLE : ≥RP 10 JUTA,  <RP 20 JUTA",>= 15%,"≥ 1X ANGSURAN, < 3X ANGSURAN",≥ 100% DARI GAJI,> 120 BULAN,>= 15%,null < 50% plafon,Lainnya,Cakupan area : nasional,"SHM, SERTIPIKAT PECAH",Rumah Tinggal,Sedang dibangun,YELLOW,TIDAK,Ditolak
Case 188,KARYAWAN,"Pembelian Baru / Primary, Apartemen Tipe 22 - 70","Plafon (514,750,000 - 894,632,536)",TIDAK JOINT INCOME,TIDAK PISAH HARTA,21 - 35,"Kol 1, Pernah Kol 3, 4 atau 5",Rumah Tinggal (Rumah ke 1),≥ 5,"SINGLE : ≥RP 10 JUTA,  <RP 20 JUTA",>= 15%,≥ 3X ANGSURAN,≥ 100% DARI GAJI,> 120 BULAN,>= 15%,Properti/kendaraan < 50% plafon,Lainnya,CAKUPAN AREA : LOKAL,MOU - Sertipikat Induk,Apartemen,Sedang dibangun,GREEN,LAYAK,Ditolak
Case 189,KARYAWAN,"Pembelian Baru / Primary, Rumah Tinggal > Tipe 70","Plafon (> 1,340,960,436)",TIDAK JOINT INCOME,TIDAK PISAH HARTA,46 - 55,"Kol 1, Pernah Kol 3, 4 atau 5",Rumah Tinggal (Rumah ke 1),≥ 5,MENIKAH : ≥RP 20 JUTA,>= 15%,≥ 3X ANGSURAN,≥ 100% DARI GAJI,> 120 BULAN,>= 15%,null < 50% plafon,"INFORMASI, TELEKOMUNIKASI DAN KOMPUTER",Cakupan area : nasional,MOU - Sertipikat Induk,Rumah Tinggal,Indent,GREEN,TIDAK,Ditolak
Case 190,KARYAWAN,"Pembelian Baru / Primary, Rumah Tinggal > Tipe 70","Plafon (514,750,000 - 894,632,536)",TIDAK JOINT INCOME,TIDAK PISAH HARTA,21 - 35,"Kol 1, Tidak pernah menunggak",Rumah Tinggal (Rumah ke 1),"≥ 2, < 5",SINGLE : ≥RP 20 JUTA,>= 15%,≥ 3X ANGSURAN,≥ 100% DARI GAJI,> 120 BULAN,>= 15%,Properti/kendaraan < 50% plafon,Lainnya,CAKUPAN AREA : LOKAL,"SHM, SERTIPIKAT PECAH",Rumah Tinggal,Indent,GREEN,TIDAK,Ditolak
Case 191,KARYAWAN,"Pembelian Baru / Primary, Apartemen < Tipe 22","Plafon (< 514,750,000)",TIDAK JOINT INCOME,TIDAK PISAH HARTA,21 - 35,"Kol 1, Tidak pernah menunggak",Investasi,< 2,MENIKAH : ≥RP 20 JUTA,< 15%,≥ 3X ANGSURAN,≥ 100% DARI GAJI,"> 60 BULAN, ≤ 120 BULAN",< 15%,Properti/kendaraan >= plafon,Lainnya,CAKUPAN AREA : LOKAL,MOU - Sertipikat Induk,Apartemen,Sedang dibangun,RED,LAYAK,Ditolak
Case 192,KARYAWAN,"Pembelian Baru / Primary, Apartemen < Tipe 22","Plafon (< 514,750,000)",TIDAK JOINT INCOME,TIDAK PISAH HARTA,21 - 35,"Kol 1, Tidak pernah menunggak",Rumah Tinggal (Rumah ke 1),"≥ 2, < 5","SINGLE : ≥RP 6 JUTA, < RP. 10 JUTA",< 15%,≥ 3X ANGSURAN,≥ 100% DARI GAJI,> 120 BULAN,< 15%,Properti/kendaraan < 50% plafon,Lainnya,Public listed,MOU - Sertipikat Induk,Apartemen,Sedang dibangun,RED,LAYAK,Ditolak
Case 193,KARYAWAN,"Pembelian Baru / Primary, Apartemen < Tipe 22","Plafon (< 514,750,000)",TIDAK JOINT INCOME,TIDAK PISAH HARTA,21 - 35,Kol 2 (tidak lebih dari 30 hari) dalam 1 tahun terakhir,Rumah Tinggal (Rumah ke 1),"≥ 2, < 5","SINGLE : ≥RP 10 JUTA,  <RP 20 JUTA",< 15%,"≥ 1X ANGSURAN, < 3X ANGSURAN",≥ 100% DARI GAJI,> 120 BULAN,< 15%,Properti/kendaraan < 50% plafon,"Keuangan, asuransi, perbankan",Public listed,MOU - Sertipikat Induk,Apartemen,Sedang dibangun,RED,LAYAK,Ditolak
Case 194,PENGUSAHA,"Pembelian Baru / Primary, Rumah Tinggal Tipe 22 - 70","Plafon (514,750,000 - 894,632,536)",TIDAK JOINT INCOME,TIDAK PISAH HARTA,21 - 35,"Kol 1, Tidak pernah menunggak",Rumah Tinggal (Rumah ke 1),≥ 5,SINGLE : ≥RP 20 JUTA,>= 15%,"≥ 1X ANGSURAN, < 3X ANGSURAN","≥ 70%, < 100% DARI OMZET",> 120 BULAN,>= 15%,DEPOSITO/INVES/EMAS < 50% plafon,Lainnya,CAKUPAN AREA : LOKAL,MOU - Sertipikat Induk,Rumah Tinggal,Indent,GREEN,TIDAK,Ditolak
Case 195,KARYAWAN,"Pembelian Baru / Primary, Rumah Tinggal > Tipe 70","Plafon (> 1,340,960,436)",JOINT INCOME,TIDAK PISAH HARTA,36 - 45,"Kol 3, 4 atau 5",Rumah Tinggal (Rumah ke 1),"≥ 2, < 5",MENIKAH : ≥RP 20 JUTA,< 15%,≥ 3X ANGSURAN,≥ 100% DARI GAJI,> 120 BULAN,< 15%,null < 50% plafon,Lainnya,CAKUPAN AREA : LOKAL,MOU - Sertipikat Induk,Rumah Tinggal,Indent,RED,LAYAK,Ditolak
Case 196,KARYAWAN,"Pembelian Baru / Primary, Rumah Tinggal > Tipe 70","Plafon (> 1,340,960,436)",TIDAK JOINT INCOME,TIDAK PISAH HARTA,21 - 35,"Kol 1, Tidak pernah menunggak",Rumah Tinggal (Rumah ke 1),"≥ 2, < 5",SINGLE : ≥RP 20 JUTA,>= 15%,"≥ 1X ANGSURAN, < 3X ANGSURAN",≥ 100% DARI GAJI,"> 60 BULAN, ≤ 120 BULAN",>= 15%,Properti/kendaraan < 50% plafon,"INFORMASI, TELEKOMUNIKASI DAN KOMPUTER",Public listed,MOU - Sertipikat Induk,Rumah Tinggal,Indent,YELLOW,TIDAK,Ditolak
Case 197,KARYAWAN,"Pembelian Baru / Primary, Rumah Tinggal Tipe 22 - 70","Plafon (< 514,750,000)",JOINT INCOME,TIDAK PISAH HARTA,21 - 35,Data Tidak Tersedia,Rumah Tinggal (Rumah ke 1),≥ 5,"MENIKAH : ≥RP 10 JUTA,  <RP 20 JUTA",>= 15%,< 1x angsuran,≥ 100% DARI GAJI,> 120 BULAN,>= 15%,DEPOSITO/INVES/EMAS < 50% plafon,Lainnya,Multinasional,"SHGB, SERTIPIKAT PECAH",Rumah Tinggal,Indent,GREEN,TIDAK,Ditolak
Case 198,KARYAWAN,"Pembelian Baru / Primary, Rumah Tinggal Tipe 22 - 70","Plafon (< 514,750,000)",TIDAK JOINT INCOME,TIDAK PISAH HARTA,21 - 35,"Kol 1, Tidak pernah menunggak",Rumah Tinggal (Rumah ke 1),"≥ 2, < 5","SINGLE : ≥RP 6 JUTA, < RP. 10 JUTA",>= 15%,"≥ 1X ANGSURAN, < 3X ANGSURAN",≥ 100% DARI GAJI,> 120 BULAN,>= 15%,DEPOSITO/INVES/EMAS < 50% plafon,Lainnya,CAKUPAN AREA : LOKAL,MOU - Sertipikat Induk,Rumah Tinggal,Indent,YELLOW,TIDAK,Ditolak
Case 199,PENGUSAHA,"Pembelian Baru / Primary, Ruko / Rukan","Plafon (> 1,340,960,436)",TIDAK JOINT INCOME,PISAH HARTA,56 - 65,"Kol 1, Tidak pernah menunggak",Rumah Tinggal (Rumah ke 1),≥ 5,MENIKAH : ≥RP 20 JUTA,>= 15%,"≥ 1X ANGSURAN, < 3X ANGSURAN",≥ 100% DARI OMSET,≤ 60 BULAN,>= 15%,null < 50% plafon,Lainnya,Multinasional,MOU - Sertipikat Induk,RUKO/RUKAN,Indent,GREEN,TIDAK,Ditolak
Case 200,KARYAWAN,"Pembelian Baru / Primary, Apartemen Tipe 22 - 70","Plafon (514,750,000 - 894,632,536)",TIDAK JOINT INCOME,TIDAK PISAH HARTA,46 - 55,"Kol 1, Tidak pernah menunggak",Rumah Tinggal (Rumah ke 1),≥ 5,SINGLE : ≥RP 20 JUTA,>= 15%,≥ 3X ANGSURAN,≥ 100% DARI GAJI,"> 60 BULAN, ≤ 120 BULAN",>= 15%,Properti/kendaraan < 50% plafon,"Keuangan, asuransi, perbankan",Cakupan area : nasional,MOU - Sertipikat Induk,Apartemen,Indent,GREEN,TIDAK,Ditolak
